0.000000000000000, 1, 1, 1, 1, 1, 1, 1, 1
45.662257499999996, 0, 1, 1, 1, 1, 1, 1, 1
46.939684437499999, 0, 1, 1, 1, 0, 1, 1, 1
47.459327687500000, 0, 0, 1, 1, 0, 1, 1, 1
48.766240312499995, 0, 0, 1, 1, 0, 1, 0, 1
48.817344124999998, 0, 0, 1, 0, 0, 1, 0, 1
50.096217187499995, 0, 0, 1, 0, 1, 1, 0, 1
51.005892187499995, 1, 0, 1, 0, 1, 1, 0, 1
51.494025250000000, 1, 0, 1, 0, 1, 1, 1, 1
51.823941312499997, 1, 0, 1, 0, 1, 0, 1, 1
52.817922624999994, 1, 1, 1, 0, 1, 0, 1, 1
53.681313312499995, 1, 1, 1, 0, 1, 0, 1, 0
55.519408187499998, 1, 1, 1, 1, 1, 0, 1, 0
55.883568499999996, 1, 1, 1, 1, 1, 1, 1, 0
58.791374999999995, 1, 1, 1, 1, 1, 1, 1, 1
61.586143187499999, 0, 1, 1, 1, 1, 1, 1, 1
62.390734500000001, 1, 1, 1, 1, 1, 1, 1, 1
63.281217312499997, 0, 1, 1, 1, 1, 1, 1, 1
64.327809062499995, 1, 1, 1, 1, 1, 1, 1, 1
65.036331125000004, 0, 1, 1, 1, 1, 1, 1, 1
65.639855874999995, 0, 0, 1, 1, 1, 1, 1, 1
66.488942312500001, 0, 1, 1, 1, 1, 1, 1, 1
66.688762749999995, 1, 1, 1, 1, 1, 1, 1, 1
67.332903125000001, 1, 0, 1, 1, 1, 1, 1, 1
67.579149500000000, 0, 0, 1, 1, 1, 1, 1, 1
68.148788999999994, 0, 0, 0, 1, 1, 1, 1, 1
68.370158000000004, 0, 1, 0, 1, 1, 1, 1, 1
68.565415312499994, 1, 1, 0, 1, 1, 1, 1, 1
68.868864562499994, 1, 1, 0, 1, 1, 1, 1, 0
68.900386437500003, 1, 0, 0, 1, 1, 1, 1, 0
68.952788124999998, 1, 0, 1, 1, 1, 1, 1, 0
69.042297500000004, 1, 0, 1, 1, 1, 0, 1, 0
69.334718437500001, 0, 0, 1, 1, 1, 0, 1, 0
69.571514062500000, 0, 0, 1, 1, 0, 0, 1, 0
69.619091937500002, 0, 0, 1, 1, 0, 0, 1, 1
69.656684312499991, 0, 0, 1, 0, 0, 0, 1, 1
69.687050937499990, 0, 1, 1, 0, 0, 0, 1, 1
69.908282562499991, 0, 1, 0, 0, 0, 0, 1, 1
70.157459000000003, 0, 1, 0, 0, 0, 1, 1, 1
70.402532999999991, 0, 1, 0, 0, 1, 1, 1, 1
70.512536937500002, 0, 1, 0, 0, 1, 1, 1, 0
70.563944249999992, 1, 1, 0, 0, 1, 1, 1, 0
70.593661937500002, 1, 0, 0, 0, 1, 1, 1, 0
70.798908499999996, 1, 0, 0, 1, 1, 1, 1, 0
70.891228812500003, 1, 0, 0, 1, 1, 0, 1, 0
70.955420062499996, 1, 0, 1, 1, 1, 0, 1, 0
71.212084250000004, 0, 0, 1, 1, 1, 0, 1, 0
71.411843500000003, 0, 0, 1, 1, 0, 0, 1, 0
71.506033875000000, 0, 1, 1, 1, 0, 0, 1, 0
71.547846249999992, 0, 1, 1, 1, 0, 0, 1, 1
71.789643937500003, 0, 1, 0, 1, 0, 0, 1, 1
71.833291687499994, 0, 1, 0, 1, 0, 1, 1, 1
71.906527624999995, 0, 1, 0, 0, 0, 1, 1, 1
72.270679999999999, 0, 1, 0, 0, 0, 1, 1, 0
72.287101624999991, 0, 0, 0, 0, 0, 1, 1, 0
72.427140374999993, 0, 0, 0, 0, 1, 1, 1, 0
72.743979312500002, 1, 0, 0, 0, 1, 1, 1, 0
72.753369062499999, 1, 0, 0, 1, 1, 1, 1, 0
72.855916249999993, 1, 0, 0, 1, 1, 0, 1, 0
73.079639874999998, 1, 0, 1, 1, 1, 0, 1, 0
73.253182187500002, 1, 0, 1, 1, 0, 0, 1, 0
73.324886187499999, 1, 1, 1, 1, 0, 0, 1, 0
73.330984375000000, 0, 1, 1, 1, 0, 0, 1, 0
73.645270187500003, 0, 1, 1, 1, 0, 0, 1, 1
73.742519562499993, 0, 1, 1, 0, 0, 0, 1, 1
73.792262812499999, 0, 1, 0, 0, 0, 0, 1, 1
73.855785812500002, 0, 1, 0, 0, 0, 1, 1, 1
74.043109562499993, 0, 0, 0, 0, 0, 1, 1, 1
74.424581312499996, 0, 0, 0, 0, 0, 1, 1, 0
74.468681250000003, 0, 0, 0, 0, 0, 1, 0, 0
74.512984187499995, 0, 0, 0, 0, 1, 1, 0, 0
74.705011937500004, 0, 0, 0, 0, 1, 0, 0, 0
74.766964312499994, 0, 0, 0, 1, 1, 0, 0, 0
75.218007624999998, 0, 0, 0, 1, 0, 0, 0, 0
75.269588687499990, 0, 1, 0, 1, 0, 0, 0, 0
75.325283187499991, 0, 1, 1, 1, 0, 0, 0, 0
75.402595625000004, 0, 1, 1, 1, 0, 0, 0, 1
75.413610187499998, 0, 1, 1, 1, 0, 0, 1, 1
75.529832499999998, 1, 1, 1, 1, 0, 0, 1, 1
75.578849499999990, 1, 1, 1, 0, 0, 0, 1, 1
75.862278562499995, 1, 0, 1, 0, 0, 0, 1, 1
75.878375249999991, 1, 0, 1, 0, 0, 1, 1, 1
75.977570187499992, 1, 0, 0, 0, 0, 1, 1, 1
76.056062624999996, 0, 0, 0, 0, 0, 1, 1, 1
76.126192187499996, 0, 0, 0, 0, 0, 1, 1, 0
76.379628437500003, 0, 0, 0, 0, 0, 1, 0, 0
76.612102124999993, 0, 0, 0, 0, 0, 0, 0, 0
76.721466437499998, 0, 0, 0, 1, 0, 0, 0, 0
76.783451999999997, 0, 0, 0, 1, 1, 0, 0, 0
77.214502187500003, 0, 1, 0, 1, 1, 0, 0, 0
77.274351812500001, 0, 1, 0, 1, 1, 0, 0, 1
77.365069499999990, 0, 1, 0, 1, 0, 0, 0, 1
77.473766499999996, 0, 1, 0, 0, 0, 0, 0, 1
77.509048999999990, 0, 1, 0, 0, 0, 0, 1, 1
77.510429562499993, 0, 1, 1, 0, 0, 0, 1, 1
77.807265812499992, 0, 0, 1, 0, 0, 0, 1, 1
77.940486187499999, 0, 0, 1, 0, 0, 0, 1, 0
77.958625624999996, 0, 0, 1, 0, 0, 1, 1, 0
78.223259187499991, 0, 0, 0, 0, 0, 1, 1, 0
78.351796124999993, 0, 0, 0, 0, 0, 1, 0, 0
78.692155374999999, 0, 0, 0, 0, 0, 0, 0, 0
78.735355687499990, 0, 0, 0, 1, 0, 0, 0, 0
79.202531187500000, 0, 0, 0, 1, 0, 0, 0, 1
79.298829437499990, 0, 0, 0, 1, 1, 0, 0, 1
79.347469312499996, 0, 1, 0, 1, 1, 0, 0, 1
79.429045687499993, 0, 1, 0, 0, 1, 0, 0, 1
79.467029249999996, 1, 1, 0, 0, 1, 0, 0, 1
79.513890750000002, 1, 1, 1, 0, 1, 0, 0, 1
79.667804124999989, 1, 1, 1, 0, 1, 0, 1, 1
79.811987187499994, 1, 1, 1, 0, 1, 0, 1, 0
79.877734687499995, 1, 0, 1, 0, 1, 0, 1, 0
79.881304374999999, 1, 0, 1, 0, 0, 0, 1, 0
79.932667937500000, 0, 0, 1, 0, 0, 0, 1, 0
80.226870062499998, 0, 0, 0, 0, 0, 0, 1, 0
80.270390312499998, 0, 0, 0, 0, 0, 1, 1, 0
80.449938875000001, 0, 0, 0, 0, 0, 1, 0, 0
80.867908624999998, 0, 0, 0, 1, 0, 1, 0, 0
80.946269687499992, 0, 0, 0, 1, 0, 0, 0, 0
81.301460562499997, 0, 0, 0, 1, 0, 0, 0, 1
81.543252624999994, 0, 1, 0, 1, 0, 0, 0, 1
81.561318749999998, 0, 1, 0, 0, 0, 0, 0, 1
81.699792000000002, 0, 1, 1, 0, 0, 0, 0, 1
81.854333624999995, 0, 1, 1, 0, 0, 0, 0, 0
82.012538999999990, 0, 1, 1, 0, 0, 0, 1, 0
82.073214624999991, 0, 0, 1, 0, 0, 0, 1, 0
82.244431187499998, 0, 0, 1, 0, 1, 0, 1, 0
82.412455874999992, 0, 0, 0, 0, 1, 0, 1, 0
82.639904187499994, 0, 0, 0, 0, 1, 1, 1, 0
82.732861374999999, 0, 0, 0, 0, 1, 1, 0, 0
82.888406375000002, 0, 0, 0, 0, 0, 1, 0, 0
83.059826562499993, 0, 0, 0, 1, 0, 1, 0, 0
83.286774624999993, 0, 0, 0, 1, 0, 1, 0, 1
83.316261374999996, 0, 0, 0, 1, 0, 0, 0, 1
83.344452875000002, 1, 0, 0, 1, 0, 0, 0, 1
83.694277437499991, 1, 0, 0, 0, 0, 0, 0, 1
83.802095062500001, 1, 1, 0, 0, 0, 0, 0, 1
83.839441312500000, 1, 1, 0, 0, 0, 0, 0, 0
83.870801812499991, 0, 1, 0, 0, 0, 0, 0, 0
83.946679562499995, 0, 1, 1, 0, 0, 0, 0, 0
84.233923562499996, 0, 1, 1, 0, 0, 0, 1, 0
84.332429499999989, 0, 0, 1, 0, 0, 0, 1, 0
84.392524187500001, 0, 0, 1, 0, 1, 0, 1, 0
84.598673249999990, 0, 0, 0, 0, 1, 0, 1, 0
85.036863312500003, 0, 0, 0, 0, 0, 0, 1, 0
85.067714562500001, 0, 0, 0, 0, 0, 1, 1, 0
85.077679500000002, 0, 0, 0, 0, 0, 1, 0, 0
85.134090562499992, 0, 0, 0, 1, 0, 1, 0, 0
85.272403562500003, 0, 0, 0, 1, 0, 1, 0, 1
85.743736999999996, 0, 0, 0, 1, 0, 0, 0, 1
85.768661249999994, 0, 0, 0, 0, 0, 0, 0, 1
85.824757812499996, 0, 0, 0, 0, 0, 0, 0, 0
86.011373312499998, 0, 0, 1, 0, 0, 0, 0, 0
86.071068437500003, 1, 0, 1, 0, 0, 0, 0, 0
86.123975062499994, 1, 1, 1, 0, 0, 0, 0, 0
86.269195499999995, 1, 1, 1, 0, 0, 0, 1, 0
86.540968374999991, 1, 1, 1, 0, 1, 0, 1, 0
86.597806374999990, 0, 1, 1, 0, 1, 0, 1, 0
86.663929812500001, 0, 1, 0, 0, 1, 0, 1, 0
86.716996499999993, 0, 0, 0, 0, 1, 0, 1, 0
87.174433187500000, 0, 0, 0, 0, 1, 0, 0, 0
87.186299937499996, 0, 0, 0, 0, 0, 0, 0, 0
87.267838812500003, 0, 0, 0, 1, 0, 0, 0, 0
87.371149250000002, 0, 0, 0, 1, 0, 0, 0, 1
87.495363812500003, 0, 0, 0, 1, 0, 1, 0, 1
87.924178187499990, 0, 0, 0, 1, 0, 1, 0, 0
87.962328374999998, 0, 0, 0, 0, 0, 1, 0, 0
88.136734750000002, 0, 0, 1, 0, 0, 1, 0, 0
88.195160812499992, 0, 1, 1, 0, 0, 1, 0, 0
88.229703999999998, 0, 1, 1, 0, 0, 0, 0, 0
88.428332937500002, 0, 1, 1, 0, 0, 0, 1, 0
88.689904374999998, 0, 1, 1, 0, 1, 0, 1, 0
88.788366874999994, 0, 0, 1, 0, 1, 0, 1, 0
88.789366187499994, 0, 0, 0, 0, 1, 0, 1, 0
88.858472812499997, 1, 0, 0, 0, 1, 0, 1, 0
89.271988374999992, 1, 0, 0, 0, 1, 0, 0, 0
89.283527374999991, 1, 0, 0, 1, 1, 0, 0, 0
89.336062374999997, 1, 0, 0, 1, 0, 0, 0, 0
89.385580374999989, 0, 0, 0, 1, 0, 0, 0, 0
89.470483750000000, 0, 0, 0, 1, 0, 0, 0, 1
89.749831000000000, 0, 0, 0, 1, 0, 1, 0, 1
89.977670437499995, 0, 0, 0, 0, 0, 1, 0, 1
90.079848437499990, 0, 0, 0, 0, 0, 1, 0, 0
90.266734624999998, 0, 1, 0, 0, 0, 1, 0, 0
90.323344999999989, 0, 1, 1, 0, 0, 1, 0, 0
90.464287624999997, 0, 1, 1, 0, 0, 1, 1, 0
90.483918375000002, 0, 1, 1, 0, 0, 0, 1, 0
90.860468687500003, 0, 0, 1, 0, 0, 0, 1, 0
90.900601124999994, 0, 0, 1, 0, 1, 0, 1, 0
90.976084812499991, 0, 0, 0, 0, 1, 0, 1, 0
91.308639374999998, 0, 0, 0, 0, 1, 0, 0, 0
91.358752124999995, 0, 0, 0, 1, 1, 0, 0, 0
91.456345749999997, 0, 0, 0, 1, 1, 0, 0, 1
91.547028062499990, 0, 0, 0, 1, 0, 0, 0, 1
91.707828874999990, 1, 0, 0, 1, 0, 0, 0, 1
92.004476062499990, 1, 0, 0, 1, 0, 1, 0, 1
92.052985312499999, 1, 0, 0, 0, 0, 1, 0, 1
92.065745874999990, 1, 0, 0, 0, 0, 1, 0, 0
92.234692499999994, 0, 0, 0, 0, 0, 1, 0, 0
92.340505562499999, 0, 1, 0, 0, 0, 1, 0, 0
92.500716437499989, 0, 1, 0, 0, 0, 1, 1, 0
92.681039812499989, 0, 1, 0, 0, 0, 0, 1, 0
92.753548312500001, 0, 1, 1, 0, 0, 0, 1, 0
92.933589374999997, 0, 0, 1, 0, 0, 0, 1, 0
93.172655812499997, 0, 0, 1, 0, 1, 0, 1, 0
93.283625749999999, 0, 0, 1, 0, 1, 0, 0, 0
93.405785187500001, 0, 0, 0, 0, 1, 0, 0, 0
93.434103374999992, 0, 0, 0, 1, 1, 0, 0, 0
93.498924687499994, 0, 0, 0, 1, 1, 0, 0, 1
93.757749249999989, 0, 0, 0, 1, 0, 0, 0, 1
94.108786499999994, 0, 0, 0, 1, 0, 0, 0, 0
94.128198999999995, 0, 0, 0, 0, 0, 0, 0, 0
94.201490374999992, 0, 0, 0, 0, 0, 1, 0, 0
94.538360562499989, 0, 1, 0, 0, 0, 1, 0, 0
94.538419562499996, 0, 1, 0, 0, 0, 1, 1, 0
94.799951062500000, 1, 1, 0, 0, 0, 1, 1, 0
94.877669062499990, 1, 1, 0, 0, 0, 0, 1, 0
95.001566374999996, 1, 1, 1, 0, 0, 0, 1, 0
95.068866874999998, 1, 0, 1, 0, 0, 0, 1, 0
95.320979124999994, 1, 0, 1, 0, 0, 0, 0, 0
95.327062124999998, 0, 0, 1, 0, 0, 0, 0, 0
95.383726062500003, 0, 0, 1, 0, 1, 0, 0, 0
95.628402187500001, 0, 0, 1, 1, 1, 0, 0, 0
95.654141874999993, 0, 0, 0, 1, 1, 0, 0, 0
95.655441187499989, 0, 0, 0, 1, 1, 0, 0, 1
95.968457500000000, 0, 0, 0, 1, 0, 0, 0, 1
96.208025874999990, 0, 0, 0, 1, 0, 0, 0, 0
96.263721062499997, 0, 0, 0, 0, 0, 0, 0, 0
96.571923374999997, 0, 0, 0, 0, 0, 1, 0, 0
96.638244562499992, 0, 0, 0, 0, 0, 1, 1, 0
96.673621812500002, 0, 1, 0, 0, 0, 1, 1, 0
97.204265562499998, 0, 0, 0, 0, 0, 1, 1, 0
97.247766437499990, 0, 0, 0, 0, 0, 0, 1, 0
97.371238249999990, 0, 0, 1, 0, 0, 0, 1, 0
97.421415312500002, 0, 0, 1, 0, 0, 0, 0, 0
97.755874999999989, 0, 0, 1, 0, 0, 0, 0, 1
97.823046687499996, 0, 0, 1, 1, 0, 0, 0, 1
97.963389499999991, 0, 0, 1, 1, 1, 0, 0, 1
98.024216937500000, 0, 0, 0, 1, 1, 0, 0, 1
98.309038812499992, 0, 0, 0, 1, 1, 0, 0, 0
98.438418687499990, 1, 0, 0, 1, 1, 0, 0, 0
98.458286625000000, 1, 0, 0, 0, 1, 0, 0, 0
98.547805062499990, 1, 0, 0, 0, 0, 0, 0, 0
98.871867874999992, 1, 1, 0, 0, 0, 0, 0, 0
98.922605187499997, 1, 1, 0, 0, 0, 0, 1, 0
98.965599812500002, 0, 1, 0, 0, 0, 0, 1, 0
99.058014312499992, 0, 1, 0, 0, 0, 1, 1, 0
99.402844625000000, 0, 0, 0, 0, 0, 1, 1, 0
99.520657437499992, 0, 0, 0, 0, 0, 1, 0, 0
99.734834562499998, 0, 0, 0, 0, 0, 0, 0, 0
99.862975624999990, 0, 0, 1, 0, 0, 0, 0, 0
99.913042937499995, 0, 0, 1, 0, 0, 0, 0, 1
100.078015937499998, 0, 0, 1, 1, 0, 0, 0, 1
100.297690625000001, 0, 0, 1, 1, 1, 0, 0, 1
100.454590999999994, 0, 0, 0, 1, 1, 0, 0, 1
100.466247499999994, 0, 0, 0, 1, 1, 0, 0, 0
100.713119187499998, 0, 0, 0, 0, 1, 0, 0, 0
100.882832874999991, 0, 0, 0, 0, 0, 0, 0, 0
100.899228499999992, 0, 0, 0, 0, 0, 0, 1, 0
101.195889437500000, 0, 1, 0, 0, 0, 0, 1, 0
101.663698874999994, 0, 0, 0, 0, 0, 0, 1, 0
101.682194499999994, 0, 0, 0, 0, 0, 0, 0, 0
101.774501312499993, 1, 0, 0, 0, 0, 0, 0, 0
101.775873062499997, 1, 0, 0, 0, 0, 1, 0, 0
102.172392250000001, 1, 0, 1, 0, 0, 1, 0, 0
102.183886437499993, 1, 0, 1, 0, 0, 1, 0, 1
102.302030625000000, 0, 0, 1, 0, 0, 1, 0, 1
102.394642312499997, 0, 0, 1, 0, 0, 0, 0, 1
102.570791562499991, 0, 0, 1, 1, 0, 0, 0, 1
102.736812999999998, 0, 0, 1, 1, 0, 0, 0, 0
102.755443749999998, 0, 0, 1, 1, 1, 0, 0, 0
102.763914874999998, 0, 0, 0, 1, 1, 0, 0, 0
103.183464687499992, 0, 0, 0, 1, 1, 0, 1, 0
103.206187937499990, 0, 0, 0, 0, 1, 0, 1, 0
103.340123374999990, 0, 0, 0, 0, 0, 0, 1, 0
103.394381562500001, 0, 1, 0, 0, 0, 0, 1, 0
103.904436875000002, 0, 1, 0, 0, 0, 0, 0, 0
103.925131312500000, 0, 0, 0, 0, 0, 0, 0, 0
104.146954749999992, 0, 0, 0, 0, 0, 1, 0, 0
104.543089687500000, 0, 0, 1, 0, 0, 1, 0, 0
104.625887624999990, 0, 0, 1, 0, 0, 1, 0, 1
104.823444312500001, 0, 0, 1, 0, 0, 0, 0, 1
104.825781124999992, 0, 0, 1, 1, 0, 0, 0, 1
105.135164312499995, 0, 0, 0, 1, 0, 0, 0, 1
105.151803312499993, 0, 0, 0, 1, 1, 0, 0, 1
105.178880499999991, 0, 0, 0, 1, 1, 0, 0, 0
105.232834937500002, 1, 0, 0, 1, 1, 0, 0, 0
105.344288124999991, 1, 0, 0, 1, 1, 0, 1, 0
105.460536249999990, 1, 0, 0, 0, 1, 0, 1, 0
105.656398874999994, 1, 1, 0, 0, 1, 0, 1, 0
105.738498874999991, 1, 1, 0, 0, 0, 0, 1, 0
105.759869187500001, 0, 1, 0, 0, 0, 0, 1, 0
106.126667499999996, 0, 1, 0, 0, 0, 0, 0, 0
106.187265624999995, 0, 0, 0, 0, 0, 0, 0, 0
106.633936124999991, 0, 0, 0, 0, 0, 1, 0, 0
106.784297124999995, 0, 0, 0, 0, 0, 1, 0, 1
106.853399687500001, 0, 0, 1, 0, 0, 1, 0, 1
107.021401437499989, 0, 0, 1, 1, 0, 1, 0, 1
107.310338312499994, 0, 0, 1, 1, 0, 0, 0, 1
107.337820249999993, 0, 0, 1, 1, 0, 0, 0, 0
107.445700125000002, 0, 0, 0, 1, 0, 0, 0, 0
107.548034687499992, 0, 0, 0, 1, 1, 0, 0, 0
107.567153249999990, 0, 0, 0, 1, 1, 0, 1, 0
107.656732187499998, 0, 0, 0, 0, 1, 0, 1, 0
107.792858249999995, 0, 1, 0, 0, 1, 0, 1, 0
108.137768187500001, 0, 1, 0, 0, 0, 0, 1, 0
108.323501312499999, 0, 0, 0, 0, 0, 0, 1, 0
108.350009000000000, 0, 0, 0, 0, 0, 0, 0, 0
108.570332749999992, 1, 0, 0, 0, 0, 0, 0, 0
108.942691437499988, 1, 0, 0, 0, 0, 0, 0, 1
109.063046999999997, 1, 0, 0, 0, 0, 1, 0, 1
109.097355624999992, 0, 0, 0, 0, 0, 1, 0, 1
109.157476875000000, 0, 0, 0, 1, 0, 1, 0, 1
109.346382562499997, 0, 0, 1, 1, 0, 1, 0, 1
109.495625499999989, 0, 0, 1, 1, 0, 1, 0, 0
109.739934249999990, 0, 0, 1, 1, 0, 0, 0, 0
109.789832562499996, 0, 0, 1, 1, 0, 0, 1, 0
109.792667999999992, 0, 0, 1, 0, 0, 0, 1, 0
109.929749500000000, 0, 1, 1, 0, 0, 0, 1, 0
109.945693624999990, 0, 1, 1, 0, 1, 0, 1, 0
109.999764062499992, 0, 1, 0, 0, 1, 0, 1, 0
110.523548687499996, 0, 0, 0, 0, 1, 0, 1, 0
110.535724187499994, 0, 0, 0, 0, 0, 0, 1, 0
110.572327125000001, 0, 0, 0, 0, 0, 0, 0, 0
110.987524749999992, 0, 0, 0, 0, 0, 0, 0, 1
111.294088125000002, 0, 0, 0, 1, 0, 0, 0, 1
111.434657999999999, 0, 0, 0, 1, 0, 1, 0, 1
111.541256937499995, 0, 0, 0, 1, 0, 1, 0, 0
111.718445562499994, 0, 0, 1, 1, 0, 1, 0, 0
111.726355687499989, 1, 0, 1, 1, 0, 1, 0, 0
111.929181374999999, 1, 0, 1, 0, 0, 1, 0, 0
111.951221062499997, 1, 0, 1, 0, 0, 1, 1, 0
112.111595999999992, 1, 0, 1, 0, 0, 0, 1, 0
112.253711687500001, 0, 0, 1, 0, 0, 0, 1, 0
112.255509437499995, 0, 1, 1, 0, 0, 0, 1, 0
112.282483124999999, 0, 1, 1, 0, 1, 0, 1, 0
112.371783062500000, 0, 1, 0, 0, 1, 0, 1, 0
112.733999812499988, 0, 1, 0, 0, 1, 0, 0, 0
112.849675562499996, 0, 0, 0, 0, 1, 0, 0, 0
112.872644312500000, 0, 0, 0, 0, 0, 0, 0, 0
113.032694499999991, 0, 0, 0, 0, 0, 0, 0, 1
113.371851937499997, 0, 0, 0, 1, 0, 0, 0, 1
113.586017749999996, 0, 0, 0, 1, 0, 0, 0, 0
113.806876249999988, 0, 0, 0, 1, 0, 1, 0, 0
114.007477499999993, 0, 0, 0, 0, 0, 1, 0, 0
114.090639812500001, 0, 0, 1, 0, 0, 1, 0, 0
114.112956999999994, 0, 0, 1, 0, 0, 1, 1, 0
114.483343999999988, 0, 0, 1, 0, 0, 0, 1, 0
114.581623687499999, 0, 1, 1, 0, 0, 0, 1, 0
114.743644750000001, 0, 1, 0, 0, 0, 0, 1, 0
114.865409624999998, 0, 1, 0, 0, 1, 0, 1, 0
114.896253562499993, 0, 1, 0, 0, 1, 0, 0, 0
115.078127624999993, 0, 1, 0, 0, 1, 0, 0, 1
115.175684499999988, 0, 0, 0, 0, 1, 0, 0, 1
115.186536937499994, 1, 0, 0, 0, 1, 0, 0, 1
115.449756937499998, 1, 0, 0, 1, 1, 0, 0, 1
115.456218437499999, 1, 0, 0, 1, 0, 0, 0, 1
115.632027312500000, 1, 0, 0, 1, 0, 0, 0, 0
115.714338624999996, 0, 0, 0, 1, 0, 0, 0, 0
116.085066749999996, 0, 0, 0, 0, 0, 0, 0, 0
116.352879750000000, 0, 0, 0, 0, 0, 1, 0, 0
116.402502187499991, 0, 0, 1, 0, 0, 1, 0, 0
116.523235249999999, 0, 0, 1, 0, 0, 1, 1, 0
116.845060187499996, 0, 1, 1, 0, 0, 1, 1, 0
117.030105437499998, 0, 1, 1, 0, 0, 0, 1, 0
117.056401812499999, 0, 1, 0, 0, 0, 0, 1, 0
117.123838749999990, 0, 1, 0, 0, 0, 0, 1, 1
117.202664062499991, 0, 1, 0, 0, 1, 0, 1, 1
117.306800124999995, 0, 1, 0, 0, 1, 0, 0, 1
117.376471937500000, 0, 0, 0, 0, 1, 0, 0, 1
117.677386124999998, 0, 0, 0, 0, 1, 0, 0, 0
117.765629249999989, 0, 0, 0, 1, 1, 0, 0, 0
117.793551874999991, 0, 0, 0, 1, 0, 0, 0, 0
118.283759062499996, 1, 0, 0, 1, 0, 0, 0, 0
118.401553312499999, 1, 0, 0, 0, 0, 0, 0, 0
118.624543687499994, 1, 0, 0, 0, 0, 0, 1, 0
118.714396124999993, 1, 0, 1, 0, 0, 0, 1, 0
118.725717499999988, 1, 0, 1, 0, 0, 1, 1, 0
118.811561249999997, 0, 0, 1, 0, 0, 1, 1, 0
119.171648312499997, 0, 1, 1, 0, 0, 1, 1, 0
119.367720687499997, 0, 1, 0, 0, 0, 1, 1, 0
119.396960749999991, 0, 1, 0, 0, 0, 1, 1, 1
119.402615874999995, 0, 1, 0, 0, 0, 0, 1, 1
119.408273437500000, 0, 1, 0, 0, 0, 0, 0, 1
119.478735687499992, 0, 1, 0, 0, 1, 0, 0, 1
119.766036749999998, 0, 0, 0, 0, 1, 0, 0, 1
119.844220937499998, 0, 0, 0, 1, 1, 0, 0, 1
119.950582499999996, 0, 0, 0, 1, 1, 0, 0, 0
120.069904312500000, 0, 0, 0, 1, 0, 0, 0, 0
120.479690374999990, 0, 0, 0, 0, 0, 0, 0, 0
120.727099312499988, 0, 0, 0, 0, 0, 0, 1, 0
120.982906999999997, 0, 0, 0, 0, 0, 1, 1, 0
121.026390999999990, 0, 0, 1, 0, 0, 1, 1, 0
121.320678812499992, 1, 0, 1, 0, 0, 1, 1, 0
121.386079937500000, 1, 0, 1, 0, 0, 1, 1, 1
121.435659625000000, 1, 1, 1, 0, 0, 1, 1, 1
121.511242437499988, 1, 1, 1, 0, 0, 1, 0, 1
121.660352499999988, 1, 1, 1, 0, 0, 0, 0, 1
121.680150562499989, 1, 1, 0, 0, 0, 0, 0, 1
121.694054499999993, 1, 1, 0, 0, 1, 0, 0, 1
121.848675749999998, 0, 1, 0, 0, 1, 0, 0, 1
121.863819999999990, 0, 1, 0, 1, 1, 0, 0, 1
121.939697874999993, 0, 1, 0, 1, 1, 0, 0, 0
122.030045562499993, 0, 0, 0, 1, 1, 0, 0, 0
122.284869999999998, 0, 0, 0, 1, 0, 0, 0, 0
122.499682749999991, 0, 0, 0, 0, 0, 0, 0, 0
122.829067562500001, 0, 0, 0, 0, 0, 0, 1, 0
123.338667562499992, 0, 0, 1, 0, 0, 0, 1, 0
123.355931812499989, 0, 0, 1, 0, 0, 1, 1, 0
123.432072937499996, 0, 0, 1, 0, 0, 1, 1, 1
123.611996312499997, 0, 0, 1, 0, 0, 1, 0, 1
123.699712437499997, 0, 1, 1, 0, 0, 1, 0, 1
123.870750812499992, 0, 1, 0, 0, 0, 1, 0, 1
123.942933812499987, 0, 1, 0, 1, 0, 1, 0, 1
123.985642124999998, 0, 1, 0, 1, 0, 1, 0, 0
124.032739312499999, 0, 1, 0, 1, 0, 0, 0, 0
124.032862312500001, 0, 1, 0, 1, 1, 0, 0, 0
124.230631562499994, 0, 0, 0, 1, 1, 0, 0, 0
124.479382250000000, 1, 0, 0, 1, 1, 0, 0, 0
124.578678499999995, 1, 0, 0, 0, 1, 0, 0, 0
124.621475187499996, 1, 0, 0, 0, 0, 0, 0, 0
124.992193749999998, 1, 0, 0, 0, 0, 0, 1, 0
125.007825749999995, 0, 0, 0, 0, 0, 0, 1, 0
125.590363437499988, 0, 0, 1, 0, 0, 0, 1, 0
125.592356812500000, 0, 0, 1, 0, 0, 0, 1, 1
125.714388499999998, 0, 0, 1, 0, 0, 0, 0, 1
125.844594749999999, 0, 0, 1, 0, 0, 1, 0, 1
126.026986874999992, 0, 1, 1, 0, 0, 1, 0, 1
126.146322437499990, 0, 1, 1, 0, 0, 1, 0, 0
126.183055749999994, 0, 1, 0, 0, 0, 1, 0, 0
126.260213374999992, 0, 1, 0, 1, 0, 1, 0, 0
126.463364312499991, 0, 1, 0, 1, 0, 0, 0, 0
126.555153874999988, 0, 1, 0, 1, 1, 0, 0, 0
126.558219687499999, 0, 0, 0, 1, 1, 0, 0, 0
126.836522062499995, 0, 0, 0, 0, 1, 0, 0, 0
127.083790374999992, 0, 0, 0, 0, 0, 0, 0, 0
127.342201562499994, 0, 0, 0, 0, 0, 0, 1, 0
128.002440937499983, 0, 0, 0, 0, 0, 0, 0, 0
128.150687687499982, 0, 0, 0, 0, 0, 0, 0, 1
128.268035562499989, 0, 0, 1, 0, 0, 0, 0, 1
128.550106624999984, 1, 0, 1, 0, 0, 0, 0, 1
128.623101499999990, 1, 0, 1, 0, 0, 1, 0, 1
128.647457437499980, 1, 0, 1, 0, 0, 1, 0, 0
128.732511125000002, 1, 1, 1, 0, 0, 1, 0, 0
128.799969750000002, 1, 1, 0, 0, 0, 1, 0, 0
128.815239625000004, 1, 1, 0, 1, 0, 1, 0, 0
129.017234250000001, 0, 1, 0, 1, 0, 1, 0, 0
129.184014499999989, 0, 1, 0, 1, 0, 0, 0, 0
129.200749750000000, 0, 0, 0, 1, 0, 0, 0, 0
129.391359562499986, 0, 0, 0, 0, 0, 0, 0, 0
129.447043187499986, 0, 0, 0, 0, 1, 0, 0, 0
129.913990374999997, 0, 0, 0, 0, 0, 0, 0, 0
129.940485374999980, 0, 0, 0, 0, 0, 0, 1, 0
130.600406812499983, 0, 0, 0, 0, 0, 0, 0, 0
130.993786937500005, 0, 0, 0, 0, 0, 0, 0, 1
131.189718062499992, 0, 0, 1, 0, 0, 0, 0, 1
131.490505499999983, 0, 0, 1, 0, 0, 0, 0, 0
131.721081249999997, 0, 0, 0, 0, 0, 0, 0, 0
131.752827312499988, 0, 1, 0, 0, 0, 0, 0, 0
131.846143187499990, 0, 1, 0, 1, 0, 0, 0, 0
131.865090812500000, 0, 1, 0, 1, 0, 1, 0, 0
132.221133687499986, 0, 0, 0, 1, 0, 1, 0, 0
132.303240499999987, 0, 0, 0, 0, 0, 1, 0, 0
132.426601562499997, 0, 0, 0, 0, 0, 0, 0, 0
132.524443687499996, 0, 0, 0, 0, 1, 0, 0, 0
132.970421875000000, 0, 0, 0, 0, 1, 0, 1, 0
133.053292374999984, 0, 0, 0, 0, 0, 0, 1, 0
133.411650062500001, 1, 0, 0, 0, 0, 0, 1, 0
133.568797999999987, 1, 0, 0, 0, 0, 0, 0, 0
133.878588187499986, 0, 0, 0, 0, 0, 0, 0, 0
134.234836312499993, 0, 0, 0, 0, 0, 0, 0, 1
134.538277125000008, 0, 0, 1, 0, 0, 0, 0, 1
134.639542750000004, 0, 0, 1, 1, 0, 0, 0, 1
134.731192999999990, 0, 0, 1, 1, 0, 0, 0, 0
135.049787437499987, 0, 0, 1, 1, 0, 1, 0, 0
135.070302874999982, 0, 0, 0, 1, 0, 1, 0, 0
135.156858687500005, 0, 0, 0, 0, 0, 1, 0, 0
135.277411124999986, 0, 1, 0, 0, 0, 1, 0, 0
135.610926312499998, 0, 1, 0, 0, 0, 0, 0, 0
135.745573874999991, 0, 0, 0, 0, 0, 0, 0, 0
135.753310499999998, 0, 0, 0, 0, 0, 0, 1, 0
136.094674874999981, 0, 0, 0, 0, 1, 0, 1, 0
136.351914062499986, 0, 0, 0, 0, 1, 0, 0, 0
136.561651812500003, 0, 0, 0, 0, 0, 0, 0, 0
137.477421812499983, 0, 0, 0, 0, 0, 0, 0, 1
137.730699999999985, 0, 0, 0, 1, 0, 0, 0, 1
137.973945499999985, 0, 0, 0, 1, 0, 0, 0, 0
138.247607312499980, 0, 0, 0, 0, 0, 0, 0, 0
138.436613499999993, 0, 0, 1, 0, 0, 0, 0, 0
138.677128687499987, 0, 1, 1, 0, 0, 0, 0, 0
138.698103750000001, 0, 1, 1, 0, 0, 1, 0, 0
138.784303625000007, 0, 1, 1, 0, 0, 1, 1, 0
138.968282687499993, 0, 1, 0, 0, 0, 1, 1, 0
139.145804562499990, 0, 0, 0, 0, 0, 1, 1, 0
139.259703624999986, 0, 0, 0, 0, 0, 0, 1, 0
139.307527937499998, 1, 0, 0, 0, 0, 0, 1, 0
139.383574937499986, 1, 0, 0, 0, 0, 0, 0, 0
139.726739500000008, 1, 0, 0, 0, 1, 0, 0, 0
139.774805562500006, 0, 0, 0, 0, 1, 0, 0, 0
140.193742937499991, 0, 0, 0, 0, 0, 0, 0, 0
141.005151437499990, 0, 0, 0, 0, 0, 0, 0, 1
141.120006499999988, 0, 0, 0, 1, 0, 0, 0, 1
141.501891812499991, 0, 0, 0, 1, 0, 0, 0, 0
141.637169062499993, 0, 0, 0, 0, 0, 0, 0, 0
141.941304437499980, 0, 0, 0, 0, 0, 0, 1, 0
142.266007124999987, 0, 1, 0, 0, 0, 0, 1, 0
142.335054749999983, 0, 1, 1, 0, 0, 0, 1, 0
142.521083187499983, 0, 1, 1, 0, 0, 1, 1, 0
142.540118000000007, 0, 1, 1, 0, 0, 1, 0, 0
142.734498812499993, 0, 0, 1, 0, 0, 1, 0, 0
142.866700874999992, 0, 0, 0, 0, 0, 1, 0, 0
143.082732562499984, 0, 0, 0, 0, 0, 0, 0, 0
143.421398312500003, 0, 0, 0, 0, 1, 0, 0, 0
143.888539624999993, 0, 0, 0, 0, 0, 0, 0, 0
144.450498874999994, 0, 0, 0, 1, 0, 0, 0, 0
144.533135687499993, 0, 0, 0, 1, 0, 0, 0, 1
144.967572375000003, 0, 0, 0, 0, 0, 0, 0, 1
145.029716500000006, 0, 0, 0, 0, 0, 0, 0, 0
145.035657312500007, 0, 0, 0, 0, 0, 0, 1, 0
145.634090499999985, 0, 0, 0, 0, 0, 0, 0, 0
145.729701124999991, 0, 1, 0, 0, 0, 0, 0, 0
145.808200624999984, 0, 1, 1, 0, 0, 0, 0, 0
145.996198562499984, 1, 1, 1, 0, 0, 0, 0, 0
146.198418750000002, 1, 0, 1, 0, 0, 0, 0, 0
146.340340249999997, 1, 0, 0, 0, 0, 0, 0, 0
146.460475000000002, 1, 0, 0, 0, 0, 1, 0, 0
146.463209624999990, 0, 0, 0, 0, 0, 1, 0, 0
147.022094374999995, 0, 0, 0, 0, 0, 0, 0, 0
147.178423812500000, 0, 0, 0, 0, 1, 0, 0, 0
147.645852375000004, 0, 0, 0, 0, 0, 0, 0, 0
147.960079250000007, 0, 0, 0, 1, 0, 0, 0, 0
148.174824812499992, 0, 0, 0, 1, 0, 0, 0, 1
148.254344937499980, 0, 0, 0, 1, 0, 0, 1, 1
148.477579562499983, 0, 0, 0, 0, 0, 0, 1, 1
148.671946125000005, 0, 0, 0, 0, 0, 0, 1, 0
148.853807937499994, 0, 0, 0, 0, 0, 0, 0, 0
149.194459249999994, 0, 1, 0, 0, 0, 0, 0, 0
149.220948125000007, 0, 1, 1, 0, 0, 0, 0, 0
149.663506812500003, 0, 0, 1, 0, 0, 0, 0, 0
149.753246937499995, 0, 0, 0, 0, 0, 0, 0, 0
149.994532937499997, 0, 0, 0, 0, 0, 1, 0, 0
150.556138500000003, 0, 0, 0, 0, 0, 0, 0, 0
150.566190062499999, 0, 0, 0, 0, 1, 0, 0, 0
151.033314375000003, 0, 0, 0, 0, 0, 0, 0, 0
151.053948875000003, 0, 0, 0, 1, 0, 0, 0, 0
151.289481437500001, 0, 0, 0, 1, 0, 0, 1, 0
151.349265124999988, 1, 0, 0, 1, 0, 0, 1, 0
151.533000625000000, 1, 0, 0, 1, 0, 0, 1, 1
151.571102374999981, 1, 0, 0, 0, 0, 0, 1, 1
151.817061312499987, 0, 0, 0, 0, 0, 0, 1, 1
151.888813499999998, 0, 0, 0, 0, 0, 0, 0, 1
152.030528000000004, 0, 0, 0, 0, 0, 0, 0, 0
152.634063687500003, 0, 0, 1, 0, 0, 0, 0, 0
152.848243687500002, 0, 1, 1, 0, 0, 0, 0, 0
153.166531749999990, 0, 1, 0, 0, 0, 0, 0, 0
153.317235749999980, 0, 0, 0, 0, 0, 0, 0, 0
153.587132124999982, 0, 0, 0, 0, 0, 1, 0, 0
153.954697249999981, 0, 0, 0, 0, 1, 1, 0, 0
154.149136374999983, 0, 0, 0, 0, 1, 0, 0, 0
154.207822125000007, 0, 0, 0, 1, 1, 0, 0, 0
154.261400374999994, 0, 0, 0, 1, 1, 0, 1, 0
154.422481500000004, 0, 0, 0, 1, 0, 0, 1, 0
154.725784187499983, 0, 0, 0, 0, 0, 0, 1, 0
154.835541812499997, 0, 0, 0, 0, 0, 0, 1, 1
154.860824249999979, 0, 0, 0, 0, 0, 0, 0, 1
155.332555312500006, 0, 0, 0, 0, 0, 0, 0, 0
156.124783062500001, 0, 1, 0, 0, 0, 0, 0, 0
156.231022124999981, 0, 1, 1, 0, 0, 0, 0, 0
156.593725624999990, 0, 0, 1, 0, 0, 0, 0, 0
156.642784000000006, 1, 0, 1, 0, 0, 0, 0, 0
156.763203000000004, 1, 0, 0, 0, 0, 0, 0, 0
157.064262312500006, 1, 0, 0, 0, 0, 1, 0, 0
157.110470875000004, 0, 0, 0, 0, 0, 1, 0, 0
157.111093062500004, 0, 0, 0, 0, 0, 1, 1, 0
157.220791812499982, 0, 0, 0, 0, 1, 1, 1, 0
157.243297187499991, 0, 0, 0, 1, 1, 1, 1, 0
157.625848187499997, 0, 0, 0, 1, 1, 0, 1, 0
157.688291187499999, 0, 0, 0, 1, 0, 0, 1, 0
157.709901374999987, 0, 0, 0, 1, 0, 0, 0, 0
157.761086124999991, 0, 0, 0, 0, 0, 0, 0, 0
158.024941937499989, 0, 0, 0, 0, 0, 0, 0, 1
158.522285999999980, 0, 0, 0, 0, 0, 0, 0, 0
159.339270687500004, 0, 1, 0, 0, 0, 0, 0, 0
159.523299249999980, 0, 1, 1, 0, 0, 0, 0, 0
159.808557500000006, 0, 0, 1, 0, 0, 0, 0, 0
159.837037124999995, 0, 0, 1, 0, 0, 0, 1, 0
160.055352812499990, 0, 0, 0, 0, 0, 0, 1, 0
160.160221437499985, 0, 0, 0, 1, 0, 0, 1, 0
160.364163125000005, 0, 0, 0, 1, 1, 0, 1, 0
160.367905312500000, 0, 0, 0, 1, 1, 1, 1, 0
160.435896249999985, 0, 0, 0, 1, 1, 1, 0, 0
160.677877499999994, 0, 0, 0, 0, 1, 1, 0, 0
160.893767812499988, 0, 0, 0, 0, 0, 1, 0, 0
160.929535312499979, 0, 0, 0, 0, 0, 0, 0, 0
161.157070750000003, 0, 0, 0, 0, 0, 0, 0, 1
161.654430375000004, 0, 0, 0, 0, 0, 0, 0, 0
161.876003874999981, 1, 0, 0, 0, 0, 0, 0, 0
162.343836999999979, 0, 0, 0, 0, 0, 0, 0, 0
162.491584812499980, 0, 1, 0, 0, 0, 0, 0, 0
162.624350625000005, 0, 1, 0, 0, 0, 0, 1, 0
162.693873874999980, 0, 1, 1, 0, 0, 0, 1, 0
162.960778687499982, 0, 0, 1, 0, 0, 0, 1, 0
163.224021062499986, 0, 0, 1, 0, 0, 0, 0, 0
163.226362187500001, 0, 0, 0, 0, 0, 0, 0, 0
163.315395562499987, 0, 0, 0, 1, 0, 0, 0, 0
163.833076500000004, 0, 0, 0, 0, 0, 0, 0, 0
164.020403812500007, 0, 0, 0, 0, 0, 1, 0, 0
164.186619624999992, 0, 0, 0, 0, 1, 1, 0, 0
164.575158875000000, 0, 0, 0, 0, 1, 1, 0, 1
164.582157249999995, 0, 0, 0, 0, 1, 0, 0, 1
164.654584374999985, 0, 0, 0, 0, 0, 0, 0, 1
165.072526499999981, 0, 0, 0, 0, 0, 0, 0, 0
165.770192187499987, 0, 1, 0, 0, 0, 0, 0, 0
165.784494062499988, 0, 1, 0, 0, 0, 0, 1, 0
166.108956500000005, 0, 1, 1, 0, 0, 0, 1, 0
166.239292562499998, 0, 0, 1, 0, 0, 0, 1, 0
166.383678500000002, 0, 0, 1, 0, 0, 0, 0, 0
166.471291062500001, 0, 0, 1, 1, 0, 0, 0, 0
166.641506812499983, 0, 0, 0, 1, 0, 0, 0, 0
166.989406187499981, 0, 0, 0, 0, 0, 0, 0, 0
167.414250562500001, 1, 0, 0, 0, 0, 0, 0, 0
167.730937999999981, 1, 0, 0, 0, 0, 1, 0, 0
167.762763562499998, 1, 0, 0, 0, 1, 1, 0, 0
167.881615562500002, 0, 0, 0, 0, 1, 1, 0, 0
168.107936874999979, 0, 0, 0, 0, 1, 1, 0, 1
168.230853374999981, 0, 0, 0, 0, 0, 1, 0, 1
168.292792062499984, 0, 0, 0, 0, 0, 0, 0, 1
168.548606562499998, 0, 0, 0, 0, 0, 0, 0, 0
169.008070500000002, 0, 0, 0, 0, 0, 0, 1, 0
169.607600062499984, 0, 0, 0, 0, 0, 0, 0, 0
169.742735062500003, 0, 1, 0, 0, 0, 0, 0, 0
169.952086687499985, 0, 1, 1, 0, 0, 0, 0, 0
170.044735624999987, 0, 1, 1, 1, 0, 0, 0, 0
170.211964374999980, 0, 0, 1, 1, 0, 0, 0, 0
170.484587812499996, 0, 0, 0, 1, 0, 0, 0, 0
170.562415312499979, 0, 0, 0, 0, 0, 0, 0, 0
171.641085000000004, 0, 0, 0, 0, 0, 0, 0, 1
171.709595687499984, 0, 0, 0, 0, 1, 0, 0, 1
171.905751874999993, 0, 0, 0, 0, 1, 1, 0, 1
172.081560999999994, 0, 0, 0, 0, 1, 1, 0, 0
172.178005062500006, 0, 0, 0, 0, 0, 1, 0, 0
172.467610062500000, 0, 0, 0, 0, 0, 0, 0, 0
172.480639124999982, 0, 0, 0, 0, 0, 0, 1, 0
173.080693437500003, 0, 0, 0, 0, 0, 0, 0, 0
173.652681124999987, 0, 1, 0, 0, 0, 0, 0, 0
173.856431312499979, 0, 1, 0, 1, 0, 0, 0, 0
174.101391812499998, 0, 1, 1, 1, 0, 0, 0, 0
174.122006562499990, 0, 0, 1, 1, 0, 0, 0, 0
174.293954749999983, 1, 0, 1, 1, 0, 0, 0, 0
174.374116312499979, 1, 0, 1, 0, 0, 0, 0, 0
174.633518937499986, 1, 0, 0, 0, 0, 0, 0, 0
174.761505437500006, 0, 0, 0, 0, 0, 0, 0, 0
175.174793937499999, 0, 0, 0, 0, 0, 0, 0, 1
175.615268374999999, 0, 0, 0, 0, 0, 0, 0, 0
175.718311562499991, 0, 0, 0, 0, 1, 0, 0, 0
175.891153874999986, 0, 0, 0, 0, 1, 0, 1, 0
176.187082187499982, 0, 0, 0, 0, 0, 0, 1, 0
176.313423749999998, 0, 0, 0, 0, 0, 1, 1, 0
176.490591937500000, 0, 0, 0, 0, 0, 1, 0, 0
176.876121499999982, 0, 0, 0, 0, 0, 0, 0, 0
177.430744624999988, 0, 0, 0, 1, 0, 0, 0, 0
177.437581937499999, 0, 1, 0, 1, 0, 0, 0, 0
177.885186000000004, 0, 1, 1, 1, 0, 0, 0, 0
177.906827687499998, 0, 0, 1, 1, 0, 0, 0, 0
177.948966062500006, 0, 0, 1, 0, 0, 0, 0, 0
178.417832874999988, 0, 0, 0, 0, 0, 0, 0, 0
178.651562312500005, 0, 0, 0, 0, 0, 0, 0, 1
179.052975750000002, 0, 0, 0, 0, 0, 0, 1, 1
179.149047374999981, 0, 0, 0, 0, 0, 0, 1, 0
179.604651937499995, 0, 0, 0, 0, 1, 0, 1, 0
179.653548999999998, 0, 0, 0, 0, 1, 0, 0, 0
180.025012124999989, 0, 0, 0, 0, 1, 1, 0, 0
180.073294374999989, 0, 0, 0, 0, 0, 1, 0, 0
180.445607374999980, 1, 0, 0, 0, 0, 1, 0, 0
180.587174374999989, 1, 0, 0, 0, 0, 0, 0, 0
180.907740875000002, 1, 1, 0, 0, 0, 0, 0, 0
180.913392062499980, 0, 1, 0, 0, 0, 0, 0, 0
180.946191187500006, 0, 1, 0, 1, 0, 0, 0, 0
181.303168562499991, 0, 1, 1, 1, 0, 0, 0, 0
181.377316812499998, 0, 0, 1, 1, 0, 0, 0, 0
181.464337562499992, 0, 0, 1, 0, 0, 0, 0, 0
181.835743874999991, 0, 0, 0, 0, 0, 0, 0, 0
182.015347312499983, 0, 0, 0, 0, 0, 0, 0, 1
182.278720124999978, 0, 0, 0, 0, 0, 0, 1, 1
182.513493499999981, 0, 0, 0, 0, 0, 0, 1, 0
182.874557812500001, 0, 0, 0, 0, 1, 0, 1, 0
182.878285187499984, 0, 0, 0, 0, 1, 0, 0, 0
183.343345687500005, 0, 0, 0, 0, 0, 0, 0, 0
183.447247562499996, 0, 0, 0, 0, 0, 1, 0, 0
183.925831999999986, 0, 0, 0, 1, 0, 1, 0, 0
184.009466500000002, 0, 0, 0, 1, 0, 0, 0, 0
184.378828937500003, 0, 1, 0, 1, 0, 0, 0, 0
184.503588499999978, 0, 1, 0, 0, 0, 0, 0, 0
184.538865062499980, 0, 1, 1, 0, 0, 0, 0, 0
184.848575374999996, 0, 0, 1, 0, 0, 0, 0, 0
185.006882625000003, 0, 0, 1, 0, 0, 0, 1, 0
185.072328874999982, 0, 0, 0, 0, 0, 0, 1, 0
185.093989687499999, 0, 0, 0, 0, 0, 0, 1, 1
185.318902124999994, 1, 0, 0, 0, 0, 0, 1, 1
185.591867124999993, 1, 0, 0, 0, 0, 0, 1, 0
185.606667499999986, 1, 0, 0, 0, 0, 0, 0, 0
185.786799999999999, 0, 0, 0, 0, 0, 0, 0, 0
185.960245437499992, 0, 0, 0, 0, 1, 0, 0, 0
186.490704937499999, 0, 0, 0, 0, 0, 0, 0, 0
186.695987937499979, 0, 0, 0, 0, 0, 1, 0, 0
187.025286062499987, 0, 0, 0, 1, 0, 1, 0, 0
187.258326374999996, 0, 0, 0, 1, 0, 0, 0, 0
187.408902999999981, 0, 1, 0, 1, 0, 0, 0, 0
187.603123312500003, 0, 1, 0, 0, 0, 0, 0, 0
187.674024937499979, 0, 1, 0, 0, 0, 0, 1, 0
187.836009999999987, 0, 1, 1, 0, 0, 0, 1, 0
187.878959687499986, 0, 0, 1, 0, 0, 0, 1, 0
188.058842437500005, 0, 0, 1, 0, 0, 0, 1, 1
188.336375500000003, 0, 0, 1, 0, 0, 0, 0, 1
188.368942187499982, 0, 0, 0, 0, 0, 0, 0, 1
188.556908499999992, 0, 0, 0, 0, 0, 0, 0, 0
189.232232999999979, 0, 0, 0, 0, 1, 0, 0, 0
189.763190312500001, 0, 0, 0, 0, 0, 0, 0, 0
189.828750124999999, 0, 0, 0, 0, 0, 1, 0, 0
189.889036250000004, 1, 0, 0, 0, 0, 1, 0, 0
190.065564062499988, 1, 0, 0, 1, 0, 1, 0, 0
190.357401187499988, 0, 0, 0, 1, 0, 1, 0, 0
190.391358124999982, 0, 0, 0, 1, 0, 0, 0, 0
190.439377750000006, 0, 1, 0, 1, 0, 0, 0, 0
190.528994624999996, 0, 1, 0, 1, 0, 0, 1, 0
190.584033312499997, 0, 1, 0, 0, 0, 0, 1, 0
190.909375687499988, 0, 0, 0, 0, 0, 0, 1, 0
190.950449562499983, 0, 0, 1, 0, 0, 0, 1, 0
191.024546999999984, 0, 0, 1, 0, 0, 0, 1, 1
191.129345812499992, 0, 0, 1, 0, 0, 0, 0, 1
191.483441124999985, 0, 0, 0, 0, 0, 0, 0, 1
191.522937812500004, 0, 0, 0, 0, 0, 0, 0, 0
192.566467499999987, 0, 0, 0, 0, 1, 0, 0, 0
192.867960749999980, 0, 0, 0, 1, 1, 0, 0, 0
193.097379375000003, 0, 0, 0, 1, 0, 0, 0, 0
193.196041999999977, 0, 0, 0, 1, 0, 0, 1, 0
193.251759749999991, 0, 0, 0, 1, 0, 1, 1, 0
193.445973687499986, 0, 0, 0, 0, 0, 1, 1, 0
193.470215999999994, 0, 1, 0, 0, 0, 1, 1, 0
193.814902499999988, 0, 1, 0, 0, 0, 0, 1, 0
193.857690312499983, 0, 1, 0, 0, 0, 0, 0, 0
193.939894499999980, 0, 0, 0, 0, 0, 0, 0, 0
194.065166874999989, 0, 0, 1, 0, 0, 0, 0, 0
194.218931749999996, 0, 0, 1, 0, 0, 0, 0, 1
194.597962312499988, 0, 0, 0, 0, 0, 0, 0, 1
194.716838999999993, 0, 0, 0, 0, 0, 0, 0, 0
194.764678124999989, 1, 0, 0, 0, 0, 0, 0, 0
195.233401937499991, 0, 0, 0, 0, 0, 0, 0, 0
196.146907749999997, 0, 0, 0, 0, 1, 0, 0, 0
196.207209874999990, 0, 0, 0, 1, 1, 0, 0, 0
196.298783437499992, 0, 0, 0, 1, 1, 0, 1, 0
196.501167499999980, 0, 0, 0, 1, 1, 1, 1, 0
196.501358249999981, 0, 1, 0, 1, 1, 1, 1, 0
196.615782062499989, 0, 1, 0, 1, 0, 1, 1, 0
196.785414500000002, 0, 1, 0, 0, 0, 1, 1, 0
196.898528062499992, 0, 1, 0, 0, 0, 1, 0, 0
196.971470687499988, 0, 0, 0, 0, 0, 1, 0, 0
197.063566124999994, 0, 0, 0, 0, 0, 0, 0, 0
197.180176437499995, 0, 0, 1, 0, 0, 0, 0, 0
197.299866249999980, 0, 0, 1, 0, 0, 0, 0, 1
197.713523187499987, 0, 0, 0, 0, 0, 0, 0, 1
197.798174062499982, 0, 0, 0, 0, 0, 0, 0, 0
198.966251374999985, 0, 0, 0, 0, 0, 0, 1, 0
199.233795125000000, 0, 0, 0, 0, 1, 0, 1, 0
199.308728750000000, 0, 0, 0, 1, 1, 0, 1, 0
199.565973249999985, 0, 0, 0, 1, 1, 0, 0, 0
199.580396499999978, 1, 0, 0, 1, 1, 0, 0, 0
199.692780374999984, 1, 0, 0, 1, 1, 1, 0, 0
199.765042312499986, 1, 0, 0, 1, 0, 1, 0, 0
199.785772499999979, 1, 1, 0, 1, 0, 1, 0, 0
199.827479374999996, 1, 1, 0, 0, 0, 1, 0, 0
200.048687500000000, 0, 1, 0, 0, 0, 1, 0, 0
200.255434187499986, 0, 1, 0, 0, 0, 0, 0, 0
200.255488624999998, 0, 0, 0, 0, 0, 0, 0, 0
200.266552499999989, 0, 0, 0, 0, 0, 0, 0, 1
200.295584875000003, 0, 0, 1, 0, 0, 0, 0, 1
200.765284749999978, 0, 0, 1, 0, 0, 0, 0, 0
200.828842874999992, 0, 0, 0, 0, 0, 0, 0, 0
201.634199999999993, 0, 0, 0, 0, 0, 0, 1, 0
202.112316812499984, 0, 0, 0, 1, 0, 0, 1, 0
202.296955374999982, 0, 0, 0, 1, 0, 0, 0, 0
202.568543312499997, 0, 0, 0, 1, 1, 0, 0, 0
202.690519999999992, 0, 0, 0, 0, 1, 0, 0, 0
202.817752249999984, 0, 1, 0, 0, 1, 0, 0, 0
202.884742999999986, 0, 1, 0, 0, 1, 1, 0, 0
203.099598624999999, 0, 1, 0, 0, 0, 1, 0, 0
203.234055624999996, 0, 1, 0, 0, 0, 1, 0, 1
203.288004374999986, 0, 0, 0, 0, 0, 1, 0, 1
203.447870187500001, 0, 0, 0, 0, 0, 0, 0, 1
203.533682687500004, 0, 0, 1, 0, 0, 0, 0, 1
203.732733124999982, 0, 0, 1, 0, 0, 0, 0, 0
204.067396187499980, 0, 0, 0, 0, 0, 0, 0, 0
204.214524437499989, 1, 0, 0, 0, 0, 0, 0, 0
204.428464999999989, 1, 0, 0, 0, 0, 0, 1, 0
204.682920874999979, 0, 0, 0, 0, 0, 0, 1, 0
205.091756437499981, 0, 0, 0, 0, 0, 0, 0, 0
205.095568437499992, 0, 0, 0, 1, 0, 0, 0, 0
205.660685187499979, 0, 1, 0, 1, 0, 0, 0, 0
205.674386749999996, 0, 1, 0, 0, 0, 0, 0, 0
205.717827312499992, 0, 1, 0, 0, 1, 0, 0, 0
205.844798437500003, 0, 1, 0, 0, 1, 1, 0, 0
206.030762812500001, 0, 1, 0, 0, 1, 1, 0, 1
206.130624562500003, 0, 0, 0, 0, 1, 1, 0, 1
206.249020374999986, 0, 0, 0, 0, 0, 1, 0, 1
206.405675750000000, 0, 0, 1, 0, 0, 1, 0, 1
206.407364187499979, 0, 0, 1, 0, 0, 0, 0, 1
206.529066312499992, 0, 0, 1, 0, 0, 0, 0, 0
206.938976124999982, 0, 0, 0, 0, 0, 0, 0, 0
207.098943499999990, 0, 0, 0, 0, 0, 0, 1, 0
207.762300999999979, 0, 0, 0, 0, 0, 0, 0, 0
207.840541624999986, 0, 0, 0, 1, 0, 0, 0, 0
208.314054999999996, 0, 1, 0, 1, 0, 0, 0, 0
208.361790999999982, 1, 1, 0, 1, 0, 0, 0, 0
208.419410312499991, 1, 1, 0, 0, 0, 0, 0, 0
208.620757062499990, 1, 1, 0, 0, 1, 0, 0, 0
208.830567312499994, 0, 1, 0, 0, 1, 0, 0, 0
208.847656749999999, 0, 0, 0, 0, 1, 0, 0, 0
208.884519187499990, 0, 0, 0, 0, 1, 0, 0, 1
208.921354187499986, 0, 0, 0, 0, 1, 1, 0, 1
209.094507937499998, 0, 0, 1, 0, 1, 1, 0, 1
209.151667812499994, 0, 0, 1, 0, 0, 1, 0, 1
209.382956312499999, 0, 0, 1, 0, 0, 1, 0, 0
209.542533312499984, 0, 0, 1, 0, 0, 0, 0, 0
209.582787874999980, 0, 0, 1, 0, 0, 0, 1, 0
209.689570062499996, 0, 0, 0, 0, 0, 0, 1, 0
210.245628062500003, 0, 0, 0, 0, 0, 0, 0, 0
210.705325312499980, 0, 0, 0, 1, 0, 0, 0, 0
211.093997687499979, 0, 1, 0, 1, 0, 0, 0, 0
211.284486312499979, 0, 1, 0, 0, 0, 0, 0, 0
211.395745062499998, 0, 1, 0, 0, 0, 0, 0, 1
211.627587500000004, 0, 0, 0, 0, 0, 0, 0, 1
211.709497749999997, 0, 0, 0, 0, 1, 0, 0, 1
211.823622062499993, 0, 0, 0, 0, 1, 1, 0, 1
211.894606062500003, 0, 0, 0, 0, 1, 1, 0, 0
211.906251999999995, 0, 0, 1, 0, 1, 1, 0, 0
212.241059749999977, 0, 0, 1, 0, 0, 1, 0, 0
212.252910249999985, 0, 0, 1, 0, 0, 1, 1, 0
212.444471937499998, 0, 0, 1, 0, 0, 0, 1, 0
212.501325749999978, 0, 0, 0, 0, 0, 0, 1, 0
212.509787437499995, 1, 0, 0, 0, 0, 0, 1, 0
212.915761437499981, 1, 0, 0, 0, 0, 0, 0, 0
212.978486750000002, 0, 0, 0, 0, 0, 0, 0, 0
213.212239062500004, 0, 0, 0, 1, 0, 0, 0, 0
213.791584687499977, 0, 0, 0, 0, 0, 0, 0, 0
213.811459749999983, 0, 1, 0, 0, 0, 0, 0, 0
213.850494937500002, 0, 1, 0, 0, 0, 0, 0, 1
214.345374874999976, 0, 0, 0, 0, 0, 0, 0, 1
214.349097124999986, 0, 0, 0, 0, 0, 0, 0, 0
214.427747624999995, 0, 0, 0, 0, 1, 0, 0, 0
214.613142624999995, 0, 0, 0, 0, 1, 0, 1, 0
214.657080687499985, 0, 0, 1, 0, 1, 0, 1, 0
214.668414874999996, 0, 0, 1, 0, 1, 1, 1, 0
214.959792187500000, 0, 0, 1, 0, 0, 1, 1, 0
215.252550124999999, 0, 0, 0, 0, 0, 1, 1, 0
215.289710187499992, 0, 0, 0, 0, 0, 0, 1, 0
215.338590124999996, 0, 0, 0, 0, 0, 0, 0, 0
215.660202437500004, 0, 0, 0, 1, 0, 0, 0, 0
216.109519874999989, 1, 0, 0, 1, 0, 0, 0, 0
216.191518124999988, 1, 0, 0, 1, 0, 0, 0, 1
216.239393374999992, 1, 0, 0, 0, 0, 0, 0, 1
216.578465437500000, 0, 0, 0, 0, 0, 0, 0, 1
216.655822124999986, 0, 1, 0, 0, 0, 0, 0, 1
216.748081124999999, 0, 1, 0, 0, 0, 0, 0, 0
217.022793124999993, 0, 1, 0, 0, 1, 0, 0, 0
217.036207999999988, 0, 1, 0, 0, 1, 0, 1, 0
217.189787624999980, 0, 0, 0, 0, 1, 0, 1, 0
217.286053812500001, 0, 0, 1, 0, 1, 0, 1, 0
217.339563312499990, 0, 0, 1, 0, 1, 1, 1, 0
217.554431812499985, 0, 0, 1, 0, 0, 1, 1, 0
217.699417124999997, 0, 0, 1, 0, 0, 1, 0, 0
217.881151937499993, 0, 0, 0, 0, 0, 1, 0, 0
217.960959000000003, 0, 0, 0, 0, 0, 0, 0, 0
218.048596187499982, 0, 0, 0, 1, 0, 0, 0, 0
218.628067687499993, 0, 0, 0, 0, 0, 0, 0, 0
218.646667624999992, 0, 0, 0, 0, 0, 0, 0, 1
219.202897562499999, 0, 0, 0, 0, 0, 0, 0, 0
219.247546812499991, 0, 1, 0, 0, 0, 0, 0, 0
219.273407499999990, 0, 1, 0, 0, 0, 0, 1, 0
219.526543812499995, 1, 1, 0, 0, 0, 0, 1, 0
219.555859437500004, 1, 1, 0, 0, 1, 0, 1, 0
219.781201562500002, 1, 0, 0, 0, 1, 0, 1, 0
219.952556499999986, 1, 0, 0, 0, 1, 1, 1, 0
219.998880937499990, 1, 0, 0, 0, 1, 1, 0, 0
220.037688250000002, 1, 0, 1, 0, 1, 1, 0, 0
220.057064999999994, 0, 0, 1, 0, 1, 1, 0, 0
220.087814124999994, 0, 0, 1, 0, 0, 1, 0, 0
220.317552437499984, 0, 0, 1, 1, 0, 1, 0, 0
220.573951187500001, 0, 0, 1, 1, 0, 0, 0, 0
220.633057062500001, 0, 0, 0, 1, 0, 0, 0, 0
220.897045562499983, 0, 0, 0, 0, 0, 0, 0, 0
221.101832500000000, 0, 0, 0, 0, 0, 0, 0, 1
221.543389124999976, 0, 0, 0, 0, 0, 0, 0, 0
221.572694999999982, 0, 0, 0, 0, 0, 0, 1, 0
221.776384312499999, 0, 1, 0, 0, 0, 0, 1, 0
221.965756562499990, 0, 1, 0, 0, 1, 0, 1, 0
222.297887624999987, 0, 1, 0, 0, 1, 0, 0, 0
222.310536624999997, 0, 0, 0, 0, 1, 0, 0, 0
222.497815374999988, 0, 0, 0, 0, 0, 0, 0, 0
222.586886624999977, 0, 0, 0, 1, 0, 0, 0, 0
222.606166687499979, 0, 0, 1, 1, 0, 0, 0, 0
222.739800250000002, 0, 0, 1, 1, 0, 1, 0, 0
223.188208312499995, 1, 0, 1, 1, 0, 1, 0, 0
223.201107187499986, 1, 0, 0, 1, 0, 1, 0, 0
223.225904187499992, 1, 0, 0, 0, 0, 1, 0, 0
223.272033499999992, 1, 0, 0, 0, 0, 1, 0, 1
223.360670499999998, 1, 0, 0, 0, 0, 0, 0, 1
223.718808687500001, 0, 0, 0, 0, 0, 0, 0, 1
223.828618437499983, 0, 0, 0, 0, 0, 0, 0, 0
223.933311062499996, 0, 0, 0, 0, 0, 0, 1, 0
224.242308812499999, 0, 1, 0, 0, 0, 0, 1, 0
224.376648125000003, 0, 1, 0, 0, 1, 0, 1, 0
224.658977374999978, 0, 1, 0, 0, 1, 0, 0, 0
224.776247499999982, 0, 0, 0, 0, 1, 0, 0, 0
224.908357374999980, 0, 0, 0, 0, 0, 0, 0, 0
224.976209687499988, 0, 0, 0, 1, 0, 0, 0, 0
225.052542062499981, 0, 0, 1, 1, 0, 0, 0, 0
225.236962249999976, 0, 0, 1, 1, 0, 1, 0, 0
225.495619124999990, 0, 0, 1, 0, 0, 1, 0, 0
225.647834937499994, 0, 0, 0, 0, 0, 1, 0, 0
225.670568500000002, 0, 0, 0, 0, 0, 1, 0, 1
225.858553562499992, 0, 0, 0, 0, 0, 0, 0, 1
226.108878124999990, 0, 0, 0, 0, 0, 0, 1, 1
226.226945187499979, 0, 0, 0, 0, 0, 0, 1, 0
226.582335124999986, 0, 1, 0, 0, 0, 0, 1, 0
226.834562499999976, 0, 1, 0, 0, 0, 0, 0, 0
226.910955937499978, 0, 1, 0, 0, 1, 0, 0, 0
226.972236249999980, 1, 1, 0, 0, 1, 0, 0, 0
227.116231312499991, 1, 0, 0, 0, 1, 0, 0, 0
227.187049562499993, 1, 0, 0, 1, 1, 0, 0, 0
227.438042562499987, 1, 0, 1, 1, 1, 0, 0, 0
227.443510562499995, 1, 0, 1, 1, 0, 0, 0, 0
227.502982187499981, 0, 0, 1, 1, 0, 0, 0, 0
227.676181687499991, 0, 0, 1, 1, 0, 1, 0, 0
227.826685374999983, 0, 0, 1, 0, 0, 1, 0, 0
227.955444812499991, 0, 0, 1, 0, 0, 1, 0, 1
228.033210124999982, 0, 0, 0, 0, 0, 1, 0, 1
228.297440562499986, 0, 0, 0, 0, 0, 0, 0, 1
228.511697999999996, 0, 0, 0, 0, 0, 0, 0, 0
228.533116187499985, 0, 0, 0, 0, 0, 0, 1, 0
228.796099124999984, 0, 1, 0, 0, 0, 0, 1, 0
229.198541562499997, 0, 1, 0, 0, 1, 0, 1, 0
229.258379374999976, 0, 1, 0, 0, 1, 0, 0, 0
229.330487812499996, 0, 0, 0, 0, 1, 0, 0, 0
229.457338687499998, 0, 0, 0, 1, 1, 0, 0, 0
229.701414187499978, 0, 0, 1, 1, 1, 0, 0, 0
229.792874812500003, 0, 0, 1, 1, 0, 0, 0, 0
229.999502999999976, 0, 0, 1, 1, 0, 1, 0, 0
230.096346374999996, 0, 0, 1, 0, 0, 1, 0, 0
230.126642062499997, 0, 0, 1, 0, 0, 1, 0, 1
230.297117749999984, 0, 0, 0, 0, 0, 1, 0, 1
230.330157749999984, 1, 0, 0, 0, 0, 1, 0, 1
230.645886062499983, 1, 0, 0, 0, 0, 1, 1, 1
230.678552187500003, 1, 0, 0, 0, 0, 0, 1, 1
230.683109999999999, 1, 0, 0, 0, 0, 0, 1, 0
230.860557499999999, 0, 0, 0, 0, 0, 0, 1, 0
230.946923062499991, 0, 1, 0, 0, 0, 0, 1, 0
231.433784062499996, 0, 1, 0, 0, 0, 0, 0, 0
231.481030687499981, 0, 0, 0, 0, 0, 0, 0, 0
231.547787874999983, 0, 0, 0, 0, 1, 0, 0, 0
231.607391687499984, 0, 0, 0, 1, 1, 0, 0, 0
231.903884249999976, 0, 0, 1, 1, 1, 0, 0, 0
232.142187624999991, 0, 0, 1, 1, 0, 0, 0, 0
232.183667687499991, 0, 0, 1, 1, 0, 0, 0, 1
232.246731562500003, 0, 0, 1, 0, 0, 0, 0, 1
232.381068124999985, 0, 0, 1, 0, 0, 1, 0, 1
232.560936187499976, 0, 0, 0, 0, 0, 1, 0, 1
232.740070562499994, 0, 0, 0, 0, 0, 1, 0, 0
232.822190312499998, 0, 0, 0, 0, 0, 1, 1, 0
233.060276999999985, 0, 0, 0, 0, 0, 0, 1, 0
233.350794562499999, 0, 1, 0, 0, 0, 0, 1, 0
233.444463749999983, 1, 1, 0, 0, 0, 0, 1, 0
233.609679187499978, 1, 1, 0, 0, 0, 0, 0, 0
233.698424187499995, 1, 1, 0, 1, 0, 0, 0, 0
233.835776812500001, 1, 1, 0, 1, 1, 0, 0, 0
233.885027437499986, 1, 0, 0, 1, 1, 0, 0, 0
233.975232312499998, 0, 0, 0, 1, 1, 0, 0, 0
234.228652437499989, 0, 0, 1, 1, 1, 0, 0, 0
234.240568812499987, 0, 0, 1, 1, 1, 0, 0, 1
234.338240437499991, 0, 0, 1, 0, 1, 0, 0, 1
234.429783375000000, 0, 0, 1, 0, 0, 0, 0, 1
234.705035562500001, 0, 0, 1, 0, 0, 1, 0, 1
234.763180187499984, 0, 0, 0, 0, 0, 1, 0, 1
234.854609499999981, 0, 0, 0, 0, 0, 1, 0, 0
234.936288749999989, 0, 0, 0, 0, 0, 1, 1, 0
235.375282187499977, 0, 1, 0, 0, 0, 1, 1, 0
235.384743249999985, 0, 1, 0, 0, 0, 0, 1, 0
235.723860062499995, 0, 1, 0, 0, 0, 0, 0, 0
235.730013874999997, 0, 1, 0, 1, 0, 0, 0, 0
235.909562499999993, 0, 0, 0, 1, 0, 0, 0, 0
236.000228562499984, 0, 0, 0, 1, 1, 0, 0, 0
236.309053187499984, 0, 0, 1, 1, 1, 0, 0, 0
236.369939937499993, 0, 0, 1, 0, 1, 0, 0, 0
236.375999562499999, 1, 0, 1, 0, 1, 0, 0, 0
236.583223500000003, 1, 0, 1, 0, 1, 0, 0, 1
236.594307187499993, 1, 0, 1, 0, 0, 0, 0, 1
236.906983312499989, 0, 0, 1, 0, 0, 0, 0, 1
236.965682999999984, 0, 0, 0, 0, 0, 0, 0, 1
236.987114374999976, 0, 0, 0, 0, 0, 0, 1, 1
237.139702812499991, 0, 0, 0, 0, 0, 0, 1, 0
237.203659937499992, 0, 0, 0, 0, 0, 1, 1, 0
237.400538249999983, 0, 1, 0, 0, 0, 1, 1, 0
237.702260499999994, 0, 1, 0, 1, 0, 1, 1, 0
237.836976124999978, 0, 1, 0, 1, 0, 1, 0, 0
237.882889187499984, 0, 1, 0, 1, 0, 0, 0, 0
237.998649687499977, 0, 0, 0, 1, 0, 0, 0, 0
238.102908687499990, 0, 0, 0, 1, 1, 0, 0, 0
238.401380437499995, 0, 0, 0, 0, 1, 0, 0, 0
238.512060187499998, 0, 0, 1, 0, 1, 0, 0, 0
238.525975562499980, 0, 0, 1, 0, 1, 0, 0, 1
238.697380499999980, 0, 0, 1, 0, 0, 0, 0, 1
239.101701187499998, 0, 0, 1, 0, 0, 0, 1, 1
239.124324874999985, 1, 0, 1, 0, 0, 0, 1, 1
239.140217249999978, 1, 0, 1, 0, 0, 0, 1, 0
239.169256249999989, 1, 0, 0, 0, 0, 0, 1, 0
239.411897249999981, 1, 0, 0, 0, 0, 1, 1, 0
239.552327624999975, 1, 1, 0, 0, 0, 1, 1, 0
239.655562312499995, 0, 1, 0, 0, 0, 1, 1, 0
239.734093062499994, 0, 1, 0, 1, 0, 1, 1, 0
239.952748374999999, 0, 1, 0, 1, 0, 1, 0, 0
240.091818687499995, 0, 1, 0, 1, 0, 0, 0, 0
240.149951687499993, 0, 0, 0, 1, 0, 0, 0, 0
240.206036062499976, 0, 0, 0, 1, 1, 0, 0, 0
240.433609187499997, 0, 0, 0, 0, 1, 0, 0, 0
240.583676249999996, 0, 0, 0, 0, 1, 0, 0, 1
240.655019874999994, 0, 0, 1, 0, 1, 0, 0, 1
240.862221249999976, 0, 0, 1, 0, 0, 0, 0, 1
241.154599062499983, 0, 0, 1, 0, 0, 0, 1, 1
241.197893874999977, 0, 0, 1, 0, 0, 0, 1, 0
241.312163812499989, 0, 0, 0, 0, 0, 0, 1, 0
241.563017437499980, 0, 0, 0, 0, 0, 1, 1, 0
241.640111187499997, 0, 1, 0, 0, 0, 1, 1, 0
242.005661312499996, 0, 1, 0, 0, 0, 1, 0, 0
242.064951249999979, 0, 1, 0, 1, 0, 1, 0, 0
242.177314187500002, 1, 1, 0, 1, 0, 1, 0, 0
242.237989499999998, 1, 0, 0, 1, 0, 1, 0, 0
242.243428499999993, 1, 0, 0, 1, 0, 0, 0, 0
242.618528062499990, 1, 0, 0, 1, 1, 0, 0, 0
242.640868874999995, 1, 0, 0, 1, 1, 0, 0, 1
242.707838437499987, 0, 0, 0, 1, 1, 0, 0, 1
242.764476250000001, 0, 0, 0, 0, 1, 0, 0, 1
242.798441499999996, 0, 0, 1, 0, 1, 0, 0, 1
243.207399562500001, 0, 0, 1, 0, 1, 0, 1, 1
243.213023999999990, 0, 0, 1, 0, 0, 0, 1, 1
243.255241499999983, 0, 0, 1, 0, 0, 0, 1, 0
243.456053812499988, 0, 0, 0, 0, 0, 0, 1, 0
243.714199062500001, 0, 0, 0, 0, 0, 1, 1, 0
243.727902749999998, 0, 1, 0, 0, 0, 1, 1, 0
244.058171437499993, 0, 1, 0, 0, 0, 1, 0, 0
244.156905687500000, 0, 1, 0, 1, 0, 1, 0, 0
244.326041750000002, 0, 0, 0, 1, 0, 1, 0, 0
244.394052999999985, 0, 0, 0, 1, 0, 0, 0, 0
244.698347124999998, 0, 0, 0, 1, 0, 0, 0, 1
244.721991937499979, 0, 0, 0, 1, 1, 0, 0, 1
244.856072374999997, 0, 0, 0, 0, 1, 0, 0, 1
244.941830124999996, 0, 0, 1, 0, 1, 0, 0, 1
245.046974437499983, 1, 0, 1, 0, 1, 0, 0, 1
245.312579312499992, 1, 0, 1, 0, 1, 0, 0, 0
245.316363312499988, 1, 0, 1, 0, 0, 0, 0, 0
245.571730750000000, 1, 0, 1, 0, 0, 0, 1, 0
245.577702375000001, 0, 0, 1, 0, 0, 0, 1, 0
245.598952062499990, 0, 0, 0, 0, 0, 0, 1, 0
245.816469499999982, 0, 1, 0, 0, 0, 0, 1, 0
245.865426249999985, 0, 1, 0, 0, 0, 1, 1, 0
246.249232249999977, 0, 1, 0, 1, 0, 1, 1, 0
246.414179562499982, 0, 0, 0, 1, 0, 1, 1, 0
246.422355874999994, 0, 0, 0, 1, 0, 1, 0, 0
246.545574375000001, 0, 0, 0, 1, 0, 0, 0, 0
246.755663437499976, 0, 0, 0, 1, 0, 0, 0, 1
246.825353874999990, 0, 0, 0, 1, 1, 0, 0, 1
246.948849937500000, 0, 0, 0, 0, 1, 0, 0, 1
247.084877812499997, 0, 0, 1, 0, 1, 0, 0, 1
247.370355937499994, 0, 0, 1, 0, 1, 0, 0, 0
247.419675124999998, 0, 0, 1, 0, 0, 0, 0, 0
247.687351124999992, 0, 0, 1, 0, 0, 0, 1, 0
247.742461874999975, 0, 0, 0, 0, 0, 0, 1, 0
247.905111374999990, 0, 1, 0, 0, 0, 0, 1, 0
247.919791624999988, 1, 1, 0, 0, 0, 0, 1, 0
248.074387999999999, 1, 1, 0, 0, 0, 1, 1, 0
248.341827874999979, 1, 1, 0, 1, 0, 1, 1, 0
248.451269874999980, 0, 1, 0, 1, 0, 1, 1, 0
248.476030374999993, 0, 1, 0, 1, 0, 1, 0, 0
248.503148562500002, 0, 0, 0, 1, 0, 1, 0, 0
248.754468374999988, 0, 0, 0, 1, 0, 0, 0, 0
248.813320374999989, 0, 0, 0, 1, 0, 0, 0, 1
248.929006437499993, 0, 0, 0, 1, 1, 0, 0, 1
248.981564437499998, 0, 0, 0, 0, 1, 0, 0, 1
249.227996374999975, 0, 0, 1, 0, 1, 0, 0, 1
249.427449937500000, 0, 0, 1, 0, 1, 0, 0, 0
249.523803375000000, 0, 0, 1, 0, 0, 0, 0, 0
249.678548874999990, 0, 0, 1, 0, 0, 0, 1, 0
249.885739812499992, 0, 0, 0, 0, 0, 0, 1, 0
250.283249187499990, 0, 0, 0, 0, 0, 1, 1, 0
250.310847812499986, 0, 1, 0, 0, 0, 1, 1, 0
250.314958812499981, 0, 1, 0, 1, 0, 1, 1, 0
250.467153124999982, 0, 1, 0, 1, 0, 1, 0, 0
250.845717687499985, 0, 0, 0, 1, 0, 1, 0, 0
250.852685312500000, 1, 0, 0, 1, 0, 1, 0, 0
250.928381500000000, 1, 0, 0, 1, 0, 1, 0, 1
250.954756250000003, 1, 0, 0, 0, 0, 1, 0, 1
250.963012374999977, 1, 0, 0, 0, 0, 0, 0, 1
251.094739062499997, 1, 0, 0, 0, 1, 0, 0, 1
251.383537312499982, 0, 0, 0, 0, 1, 0, 0, 1
251.428253124999998, 0, 0, 0, 0, 1, 0, 0, 0
251.676826374999990, 0, 0, 1, 0, 1, 0, 0, 0
251.689285999999981, 0, 0, 1, 0, 0, 0, 0, 0
251.732347624999989, 0, 0, 1, 0, 0, 0, 1, 0
252.334429874999984, 0, 0, 0, 0, 0, 0, 1, 0
252.336946124999997, 0, 1, 0, 0, 0, 0, 1, 0
252.347828187499999, 0, 1, 0, 1, 0, 0, 1, 0
252.520974624999980, 0, 1, 0, 1, 0, 0, 0, 0
252.782543624999988, 0, 1, 0, 1, 0, 1, 0, 0
252.929240312499985, 0, 1, 0, 1, 0, 1, 0, 1
252.935287749999986, 0, 0, 0, 1, 0, 1, 0, 1
253.047765374999983, 0, 0, 0, 0, 0, 1, 0, 1
253.260543624999997, 0, 0, 0, 0, 1, 1, 0, 1
253.462675499999989, 0, 0, 0, 0, 1, 0, 0, 1
253.543950499999994, 0, 0, 0, 0, 1, 0, 0, 0
253.784683500000000, 0, 0, 0, 0, 1, 0, 1, 0
253.855193499999984, 0, 0, 0, 0, 0, 0, 1, 0
253.907730437499993, 1, 0, 0, 0, 0, 0, 1, 0
253.942071999999996, 1, 0, 1, 0, 0, 0, 1, 0
254.438978062499984, 0, 0, 1, 0, 0, 0, 1, 0
254.500531499999994, 0, 0, 1, 1, 0, 0, 1, 0
254.553137562499984, 0, 1, 1, 1, 0, 0, 1, 0
254.572926937500000, 0, 1, 1, 1, 0, 0, 0, 0
254.599780812500001, 0, 1, 0, 1, 0, 0, 0, 0
255.045077499999991, 0, 1, 0, 1, 0, 0, 0, 1
255.049413625000000, 0, 1, 0, 1, 0, 1, 0, 1
255.140231562499991, 0, 1, 0, 0, 0, 1, 0, 1
255.151173687499977, 0, 0, 0, 0, 0, 1, 0, 1
255.427087437499978, 0, 0, 0, 0, 1, 1, 0, 1
255.601996249999985, 0, 0, 0, 0, 1, 1, 0, 0
255.729475874999991, 0, 0, 0, 0, 1, 0, 0, 0
255.837615812499990, 0, 0, 0, 0, 1, 0, 1, 0
256.022172374999968, 0, 0, 0, 0, 0, 0, 1, 0
256.146431312499999, 0, 0, 1, 0, 0, 0, 1, 0
256.626367500000015, 0, 0, 1, 0, 0, 0, 0, 0
256.769494062499973, 0, 1, 1, 0, 0, 0, 0, 0
256.773117437499991, 0, 1, 1, 1, 0, 0, 0, 0
256.803540062499962, 0, 1, 0, 1, 0, 0, 0, 0
257.046710374999975, 0, 1, 0, 1, 0, 0, 0, 1
257.207705437500010, 1, 1, 0, 1, 0, 0, 0, 1
257.304222687499987, 1, 0, 0, 1, 0, 0, 0, 1
257.316565374999982, 1, 0, 0, 1, 0, 1, 0, 1
257.412756312499994, 1, 0, 0, 0, 0, 1, 0, 1
257.603917374999980, 1, 0, 0, 0, 0, 1, 0, 0
257.655331687499995, 1, 0, 0, 0, 1, 1, 0, 0
257.738960625000004, 0, 0, 0, 0, 1, 1, 0, 0
257.891717749999998, 0, 0, 0, 0, 1, 1, 1, 0
257.996753874999968, 0, 0, 0, 0, 1, 0, 1, 0
258.126524874999973, 0, 0, 0, 0, 0, 0, 1, 0
258.473438187499994, 0, 0, 1, 0, 0, 0, 1, 0
258.679744374999984, 0, 0, 1, 0, 0, 0, 0, 0
258.806642562499974, 0, 0, 1, 1, 0, 0, 0, 0
258.859200187499994, 0, 1, 1, 1, 0, 0, 0, 0
259.048109374999967, 0, 1, 1, 1, 0, 0, 0, 1
259.130863750000003, 0, 1, 0, 1, 0, 0, 0, 1
259.446930874999964, 0, 1, 0, 0, 0, 0, 0, 1
259.457499750000011, 0, 0, 0, 0, 0, 0, 0, 1
259.605595562500014, 0, 0, 0, 0, 0, 0, 0, 0
259.641752687500002, 0, 0, 0, 0, 0, 1, 0, 0
259.697939312500012, 0, 0, 0, 0, 1, 1, 0, 0
260.006679937499996, 0, 0, 0, 0, 1, 1, 1, 0
260.263478249999991, 1, 0, 0, 0, 1, 1, 1, 0
260.292897750000009, 1, 0, 0, 0, 0, 1, 1, 0
260.321429062499988, 1, 0, 0, 0, 0, 0, 1, 0
260.671290187500006, 1, 0, 0, 0, 0, 0, 0, 0
260.739086624999970, 1, 0, 1, 0, 0, 0, 0, 0
260.794520624999961, 0, 0, 1, 0, 0, 0, 0, 0
260.900035375000016, 0, 0, 1, 1, 0, 0, 0, 0
261.049718874999996, 0, 0, 1, 1, 0, 0, 0, 1
261.139168937499960, 0, 1, 1, 1, 0, 0, 0, 1
261.396859624999991, 0, 1, 0, 1, 0, 0, 0, 1
261.540089749999993, 0, 1, 0, 0, 0, 0, 0, 1
261.607511999999986, 0, 1, 0, 0, 0, 0, 0, 0
261.674276312500012, 0, 0, 0, 0, 0, 0, 0, 0
261.926321937500006, 0, 0, 0, 0, 1, 0, 0, 0
261.967374937499983, 0, 0, 0, 0, 1, 1, 0, 0
262.059447499999976, 0, 0, 0, 0, 1, 1, 1, 0
262.521314249999989, 0, 0, 0, 0, 0, 1, 1, 0
262.647263124999995, 0, 0, 0, 0, 0, 0, 1, 0
262.848009062500012, 0, 0, 0, 0, 0, 0, 0, 0
262.993566750000014, 0, 0, 0, 1, 0, 0, 0, 0
263.127497312499997, 0, 0, 1, 1, 0, 0, 0, 0
263.166005687499990, 0, 0, 1, 1, 0, 0, 0, 1
263.229480437500001, 0, 1, 1, 1, 0, 0, 0, 1
263.441610187499975, 1, 1, 1, 1, 0, 0, 0, 1
263.633742750000010, 1, 1, 1, 0, 0, 0, 0, 1
263.723468187499975, 1, 1, 1, 0, 0, 0, 0, 0
263.764684499999987, 1, 0, 1, 0, 0, 0, 0, 0
263.784772312499967, 1, 0, 0, 0, 0, 0, 0, 0
263.973194187499985, 0, 0, 0, 0, 0, 0, 0, 0
264.237157374999981, 0, 0, 0, 0, 0, 0, 1, 0
264.278719749999993, 0, 0, 0, 0, 1, 0, 1, 0
264.409008499999970, 0, 0, 0, 0, 1, 1, 1, 0
264.873483937499998, 0, 0, 0, 0, 0, 1, 1, 0
264.963416437499973, 0, 0, 0, 0, 0, 1, 0, 0
265.030535374999999, 0, 0, 0, 0, 0, 0, 0, 0
265.207223375000012, 0, 0, 0, 1, 0, 0, 0, 0
265.339365750000013, 0, 0, 0, 1, 0, 0, 0, 1
265.577409249999960, 0, 0, 1, 1, 0, 0, 0, 1
265.699687937500016, 0, 1, 1, 1, 0, 0, 0, 1
265.847142562499982, 0, 1, 1, 0, 0, 0, 0, 1
265.896569499999998, 0, 1, 1, 0, 0, 0, 0, 0
266.173444812500009, 0, 1, 0, 0, 0, 0, 0, 0
266.235004562499967, 0, 0, 0, 0, 0, 0, 0, 0
266.352560062500004, 0, 0, 0, 0, 0, 0, 1, 0
266.754552750000016, 0, 0, 0, 0, 1, 0, 1, 0
266.926175812499991, 1, 0, 0, 0, 1, 0, 1, 0
267.025294499999973, 1, 0, 0, 0, 1, 1, 1, 0
267.079235187499989, 1, 0, 0, 0, 1, 1, 0, 0
267.350203937499998, 1, 0, 0, 0, 0, 1, 0, 0
267.457759500000009, 0, 0, 0, 0, 0, 1, 0, 0
267.481214562499986, 0, 0, 0, 1, 0, 1, 0, 0
267.705860374999986, 0, 0, 0, 1, 0, 0, 0, 0
267.741565937500013, 0, 0, 0, 1, 0, 0, 0, 1
267.980054499999994, 0, 1, 0, 1, 0, 0, 0, 1
268.121557875000008, 0, 1, 0, 0, 0, 0, 0, 1
268.150381250000009, 0, 1, 1, 0, 0, 0, 0, 1
268.298928124999975, 0, 1, 1, 0, 0, 0, 0, 0
268.515131499999995, 0, 0, 1, 0, 0, 0, 0, 0
268.530447499999980, 0, 0, 1, 0, 0, 0, 1, 0
268.746465124999986, 0, 0, 0, 0, 0, 0, 1, 0
269.256865500000004, 0, 0, 0, 0, 0, 0, 0, 0
269.293272687500007, 0, 0, 0, 0, 1, 0, 0, 0
269.583800562499960, 0, 0, 0, 0, 1, 1, 0, 0
269.826476249999985, 0, 0, 0, 0, 0, 1, 0, 0
269.874633687499966, 0, 0, 0, 1, 0, 1, 0, 0
270.029380687500009, 0, 0, 0, 1, 0, 1, 0, 1
270.205431437500010, 0, 0, 0, 1, 0, 0, 0, 1
270.323902937500009, 0, 1, 0, 1, 0, 0, 0, 1
270.478267812500007, 0, 1, 1, 1, 0, 0, 0, 1
270.514637875000005, 0, 1, 1, 0, 0, 0, 0, 1
270.586496374999967, 0, 1, 1, 0, 0, 0, 0, 0
270.655098937499986, 1, 1, 1, 0, 0, 0, 0, 0
270.771619499999986, 1, 1, 1, 0, 0, 0, 1, 0
270.858862812499979, 1, 0, 1, 0, 0, 0, 1, 0
271.074635249999972, 1, 0, 0, 0, 0, 0, 1, 0
271.186693187499998, 0, 0, 0, 0, 0, 0, 1, 0
271.498345937500005, 0, 0, 0, 0, 0, 0, 0, 0
271.708106375000000, 0, 0, 0, 0, 1, 0, 0, 0
272.026179687499962, 0, 0, 0, 0, 1, 1, 0, 0
272.240781187499977, 0, 0, 0, 0, 0, 1, 0, 0
272.374689687499995, 0, 0, 0, 0, 0, 1, 0, 1
272.507722000000001, 0, 0, 0, 1, 0, 1, 0, 1
272.648482000000001, 0, 0, 0, 1, 0, 0, 0, 1
272.731120187499982, 0, 1, 0, 1, 0, 0, 0, 1
272.929487312499987, 0, 1, 1, 1, 0, 0, 0, 1
272.932367124999985, 0, 1, 1, 1, 0, 0, 0, 0
273.013786124999967, 0, 1, 1, 1, 0, 0, 1, 0
273.147998625000014, 0, 1, 1, 0, 0, 0, 1, 0
273.266141624999989, 0, 0, 1, 0, 0, 0, 1, 0
273.525620875000016, 0, 0, 0, 0, 0, 0, 1, 0
273.741049312499968, 0, 0, 0, 0, 0, 0, 0, 0
274.370631749999973, 0, 0, 0, 0, 1, 0, 0, 0
274.585010937499987, 0, 0, 0, 0, 1, 1, 0, 0
274.691166124999995, 1, 0, 0, 0, 1, 1, 0, 0
274.777806937499975, 1, 0, 0, 0, 1, 1, 0, 1
274.903822312499983, 1, 0, 0, 0, 0, 1, 0, 1
274.961468999999965, 1, 0, 0, 1, 0, 1, 0, 1
275.201582999999971, 1, 1, 0, 1, 0, 1, 0, 1
275.207456187499986, 1, 1, 0, 1, 0, 0, 0, 1
275.222357875000000, 0, 1, 0, 1, 0, 0, 0, 1
275.335061187500003, 0, 1, 0, 1, 0, 0, 0, 0
275.379409374999966, 0, 1, 0, 1, 0, 0, 1, 0
275.441809874999990, 0, 1, 1, 1, 0, 0, 1, 0
275.541844687499974, 0, 1, 1, 0, 0, 0, 1, 0
275.736361624999972, 0, 0, 1, 0, 0, 0, 1, 0
276.038318875000016, 0, 0, 0, 0, 0, 0, 1, 0
276.044086375000006, 0, 0, 0, 0, 0, 0, 0, 0
276.848058750000007, 0, 0, 0, 0, 1, 0, 0, 0
277.202388687499990, 0, 0, 0, 0, 1, 1, 0, 0
277.235922374999973, 0, 0, 0, 1, 1, 1, 0, 0
277.238085000000012, 0, 0, 0, 1, 1, 1, 0, 1
277.381086124999968, 0, 0, 0, 1, 0, 1, 0, 1
277.736009999999965, 0, 1, 0, 1, 0, 1, 0, 1
277.737872062500003, 0, 1, 0, 1, 0, 1, 0, 0
277.816434500000014, 0, 1, 0, 0, 0, 1, 0, 0
277.824571999999989, 0, 1, 0, 0, 0, 0, 0, 0
277.869817000000012, 0, 1, 0, 0, 0, 0, 1, 0
278.015782249999972, 0, 1, 1, 0, 0, 0, 1, 0
278.270953687499969, 0, 0, 1, 0, 0, 0, 1, 0
278.597278874999972, 0, 0, 1, 0, 0, 0, 0, 0
278.602183062499989, 1, 0, 1, 0, 0, 0, 0, 0
278.612129312499974, 1, 0, 0, 0, 0, 0, 0, 0
279.134320875000014, 0, 0, 0, 0, 0, 0, 0, 0
279.387313124999991, 0, 0, 0, 0, 1, 0, 0, 0
279.570089499999995, 0, 0, 0, 1, 1, 0, 0, 0
279.583880312500014, 0, 0, 0, 1, 1, 0, 0, 1
279.920447374999981, 0, 0, 0, 1, 0, 0, 0, 1
279.936243687499996, 0, 0, 0, 1, 0, 1, 0, 1
280.141231312499997, 0, 0, 0, 1, 0, 1, 0, 0
280.150689624999984, 0, 0, 0, 0, 0, 1, 0, 0
280.236736937499984, 0, 0, 0, 0, 0, 1, 1, 0
280.397062500000004, 0, 1, 0, 0, 0, 1, 1, 0
280.558215312500010, 0, 1, 0, 0, 0, 0, 1, 0
280.650941812499980, 0, 1, 1, 0, 0, 0, 1, 0
280.932040374999985, 0, 0, 1, 0, 0, 0, 1, 0
280.963549312499993, 0, 0, 1, 0, 0, 0, 0, 0
281.247457875000009, 0, 0, 0, 0, 0, 0, 0, 0
281.928010062499993, 0, 0, 0, 0, 1, 0, 0, 0
281.964641187499979, 0, 0, 0, 1, 1, 0, 0, 0
282.330955937499994, 0, 0, 0, 1, 1, 0, 0, 1
282.461236499999984, 0, 0, 0, 1, 0, 0, 0, 1
282.544845437499987, 0, 0, 0, 0, 0, 0, 0, 1
282.580738249999968, 1, 0, 0, 0, 0, 0, 0, 1
282.665910812499988, 1, 0, 0, 0, 0, 0, 1, 1
282.844564375000004, 1, 0, 0, 0, 0, 1, 1, 1
282.888589249999995, 1, 0, 0, 0, 0, 1, 1, 0
283.051426187499999, 0, 0, 0, 0, 0, 1, 1, 0
283.185159562499962, 0, 1, 0, 0, 0, 1, 1, 0
283.393184312500011, 0, 1, 0, 0, 0, 1, 0, 0
283.466627625000001, 0, 1, 0, 0, 0, 0, 0, 0
283.531420749999995, 0, 1, 1, 0, 0, 0, 0, 0
283.719970875000001, 0, 0, 1, 0, 0, 0, 0, 0
284.127904249999972, 0, 0, 0, 0, 0, 0, 0, 0
284.359143625000002, 0, 0, 0, 1, 0, 0, 0, 0
284.530113874999984, 0, 0, 0, 1, 1, 0, 0, 0
284.849249999999984, 0, 0, 0, 1, 1, 0, 0, 1
284.939487250000013, 0, 0, 0, 0, 1, 0, 0, 1
285.063354374999960, 0, 0, 0, 0, 0, 0, 0, 1
285.158171999999979, 0, 0, 0, 0, 0, 0, 1, 1
285.349318124999968, 0, 0, 0, 0, 0, 0, 1, 0
285.578584874999990, 0, 0, 0, 0, 0, 1, 1, 0
285.846729437499960, 0, 1, 0, 0, 0, 1, 1, 0
285.885420437499988, 0, 1, 0, 0, 0, 1, 0, 0
286.167047812499959, 0, 1, 1, 0, 0, 1, 0, 0
286.200772874999984, 0, 1, 1, 0, 0, 0, 0, 0
286.313111687499998, 1, 1, 1, 0, 0, 0, 0, 0
286.381674374999989, 1, 0, 1, 0, 0, 0, 0, 0
286.763359187499987, 1, 0, 0, 0, 0, 0, 0, 0
286.783647750000000, 0, 0, 0, 0, 0, 0, 0, 0
286.813474062500006, 0, 0, 0, 1, 0, 0, 0, 0
287.193868687500014, 0, 0, 0, 1, 1, 0, 0, 0
287.196137499999963, 0, 0, 0, 1, 1, 0, 0, 1
287.393951062499980, 0, 0, 0, 0, 1, 0, 0, 1
287.650006812500010, 0, 0, 0, 0, 1, 0, 1, 1
287.696199374999992, 0, 0, 0, 0, 1, 0, 1, 0
287.727024749999998, 0, 0, 0, 0, 0, 0, 1, 0
288.312747062499966, 0, 0, 0, 0, 0, 1, 1, 0
288.314679187499962, 0, 0, 0, 0, 0, 1, 0, 0
288.508597187499959, 0, 1, 0, 0, 0, 1, 0, 0
288.864163812500010, 0, 1, 1, 0, 0, 1, 0, 0
288.935090749999972, 0, 1, 1, 0, 0, 0, 0, 0
289.043573812499972, 0, 0, 1, 0, 0, 0, 0, 0
289.447641374999989, 0, 0, 1, 1, 0, 0, 0, 0
289.461134812500006, 0, 0, 0, 1, 0, 0, 0, 0
289.600199624999959, 0, 0, 0, 1, 0, 0, 0, 1
289.858188999999982, 0, 0, 0, 1, 1, 0, 0, 1
289.955870124999990, 0, 0, 0, 1, 1, 0, 1, 1
290.028074187500010, 0, 0, 0, 0, 1, 0, 1, 1
290.157452187499985, 0, 0, 0, 0, 1, 0, 1, 0
290.292427562499995, 1, 0, 0, 0, 1, 0, 1, 0
290.329213187499988, 1, 0, 0, 0, 0, 0, 1, 0
290.620311812500006, 1, 0, 0, 0, 0, 0, 0, 0
290.763137187499979, 0, 0, 0, 0, 0, 0, 0, 0
291.105219062499998, 0, 0, 0, 0, 0, 1, 0, 0
291.170877062499983, 0, 1, 0, 0, 0, 1, 0, 0
291.561849062499959, 0, 1, 1, 0, 0, 1, 0, 0
291.706142562499963, 0, 0, 1, 0, 0, 1, 0, 0
291.727735749999965, 0, 0, 1, 0, 0, 0, 0, 0
291.902168187499967, 0, 0, 1, 1, 0, 0, 0, 0
292.158372187499992, 0, 0, 0, 1, 0, 0, 0, 0
292.176264812499994, 0, 0, 0, 1, 0, 0, 0, 1
292.261423624999964, 0, 0, 0, 1, 0, 0, 1, 1
292.461001500000009, 0, 0, 0, 1, 1, 0, 1, 1
292.482396187500001, 0, 0, 0, 0, 1, 0, 1, 1
292.676664562499980, 0, 0, 0, 0, 1, 0, 1, 0
292.927144437499976, 0, 0, 0, 0, 1, 0, 0, 0
292.994758062500011, 0, 0, 0, 0, 0, 0, 0, 0
293.781501812499982, 0, 0, 0, 0, 0, 1, 0, 0
293.833231437499990, 0, 1, 0, 0, 0, 1, 0, 0
293.903924749999987, 1, 1, 0, 0, 0, 1, 0, 0
294.198532687500006, 1, 1, 1, 0, 0, 1, 0, 0
294.237464124999974, 1, 1, 1, 1, 0, 1, 0, 0
294.368356374999962, 1, 0, 1, 1, 0, 1, 0, 0
294.373844625000004, 0, 0, 1, 1, 0, 1, 0, 0
294.403567437499987, 0, 0, 1, 1, 0, 0, 0, 0
294.523413124999990, 0, 0, 1, 1, 0, 0, 0, 1
294.754452749999984, 0, 0, 1, 1, 0, 0, 1, 1
294.795024812500003, 0, 0, 0, 1, 0, 0, 1, 1
294.818540312499977, 0, 0, 0, 0, 0, 0, 1, 1
295.001751500000012, 0, 0, 0, 0, 1, 0, 1, 1
295.081003812500001, 0, 0, 0, 0, 1, 0, 1, 0
295.481627374999960, 0, 0, 0, 0, 1, 0, 0, 0
295.535487937499965, 0, 0, 0, 0, 0, 0, 0, 0
296.369550062499968, 0, 1, 0, 0, 0, 0, 0, 0
296.457702812499974, 0, 1, 0, 0, 0, 1, 0, 0
296.573247374999994, 0, 1, 0, 1, 0, 1, 0, 0
296.773829750000004, 0, 1, 1, 1, 0, 1, 0, 0
296.905142874999967, 0, 0, 1, 1, 0, 1, 0, 0
297.021733124999969, 0, 0, 1, 1, 0, 0, 0, 0
297.122779124999965, 0, 0, 1, 1, 0, 0, 1, 0
297.154222874999959, 0, 0, 1, 0, 0, 0, 1, 0
297.213492687499979, 0, 0, 1, 0, 0, 0, 1, 1
297.370861999999988, 0, 0, 0, 0, 0, 0, 1, 1
297.391948874999969, 1, 0, 0, 0, 0, 0, 1, 1
297.480701812500001, 1, 0, 0, 0, 1, 0, 1, 1
297.770850062499960, 1, 0, 0, 0, 1, 0, 1, 0
297.850074874999962, 1, 0, 0, 0, 1, 0, 0, 0
297.923578812500011, 0, 0, 0, 0, 1, 0, 0, 0
298.014761437499999, 0, 0, 0, 0, 0, 0, 0, 0
298.909226249999961, 0, 0, 0, 1, 0, 0, 0, 0
299.075875937499973, 0, 0, 0, 1, 0, 1, 0, 0
299.159728874999985, 0, 1, 0, 1, 0, 1, 0, 0
299.490930812499982, 0, 1, 0, 1, 0, 1, 1, 0
299.549944499999981, 0, 1, 0, 0, 0, 1, 1, 0
299.594665125000006, 0, 1, 1, 0, 0, 1, 1, 0
299.675207000000000, 0, 1, 1, 0, 0, 1, 1, 1
299.695189562499991, 0, 0, 1, 0, 0, 1, 1, 1
299.698476499999970, 0, 0, 1, 0, 0, 0, 1, 1
299.960236874999964, 0, 0, 1, 0, 1, 0, 1, 1
