0.000000000000000, 0, 0, 0, 0, 0, 0, 0
0.606124250000000, 0, 0, 0, 0, 1, 0, 0
1.095972687500000, 0, 0, 0, 0, 1, 1, 0
1.738154500000000, 0, 0, 1, 0, 1, 1, 0
1.833297875000000, 0, 0, 1, 0, 0, 1, 0
2.054187687500000, 0, 1, 1, 0, 0, 1, 0
2.222165750000000, 0, 1, 1, 0, 0, 0, 0
2.942716312500000, 0, 1, 0, 0, 0, 0, 0
3.290397375000000, 0, 0, 0, 0, 0, 0, 0
3.310235500000000, 0, 0, 0, 1, 0, 0, 0
3.628405187500000, 0, 0, 0, 1, 0, 0, 1
4.237225000000000, 0, 0, 0, 0, 0, 0, 1
4.381161875000000, 1, 0, 0, 0, 0, 0, 1
4.605183625000000, 1, 0, 0, 0, 0, 0, 0
5.359459875000000, 1, 0, 0, 0, 0, 1, 0
5.382014874999999, 0, 0, 0, 0, 0, 1, 0
5.405376500000000, 0, 0, 0, 0, 1, 1, 0
5.806485062499999, 0, 1, 0, 0, 1, 1, 0
6.139501687500000, 0, 1, 1, 0, 1, 1, 0
6.486252125000000, 0, 1, 1, 0, 1, 0, 0
6.632221062499999, 0, 1, 1, 0, 0, 0, 0
7.105122062500000, 0, 0, 1, 0, 0, 0, 0
7.343778812500000, 0, 0, 0, 0, 0, 0, 0
8.111618249999999, 0, 0, 0, 1, 0, 0, 0
8.700706499999999, 0, 0, 0, 1, 0, 0, 1
9.038553499999999, 0, 0, 0, 0, 0, 0, 1
9.677473187500000, 0, 0, 0, 0, 0, 0, 0
9.683826062500000, 0, 1, 0, 0, 0, 0, 0
9.816935749999999, 0, 1, 0, 0, 0, 1, 0
9.828849437499999, 1, 1, 0, 0, 0, 1, 0
9.967339937500000, 1, 1, 0, 0, 1, 1, 0
10.479617249999999, 1, 1, 1, 0, 1, 1, 0
10.829165562500000, 0, 1, 1, 0, 1, 1, 0
10.944341000000000, 0, 1, 1, 0, 1, 0, 0
10.982575062499999, 0, 0, 1, 0, 1, 0, 0
11.194623812500000, 0, 0, 1, 0, 0, 0, 0
11.683747499999999, 0, 0, 0, 0, 0, 0, 0
13.165793312500000, 0, 0, 0, 1, 0, 0, 0
13.772871499999999, 0, 0, 0, 1, 0, 0, 1
13.811229624999999, 0, 1, 0, 1, 0, 0, 1
13.956779874999999, 0, 1, 0, 1, 0, 1, 1
14.092701937499999, 0, 1, 0, 0, 0, 1, 1
14.528996937499999, 0, 1, 0, 0, 1, 1, 1
14.691742812499999, 0, 1, 0, 0, 1, 1, 0
14.819948875000000, 0, 1, 1, 0, 1, 1, 0
15.084272250000000, 0, 1, 1, 0, 1, 0, 0
15.109825624999999, 0, 0, 1, 0, 1, 0, 0
15.600153749999999, 1, 0, 1, 0, 1, 0, 0
15.756171812500000, 1, 0, 1, 0, 0, 0, 0
16.023831500000000, 1, 0, 0, 0, 0, 0, 0
16.600404250000000, 0, 0, 0, 0, 0, 0, 0
17.688630374999999, 0, 1, 0, 0, 0, 0, 0
17.967773999999999, 0, 1, 0, 1, 0, 0, 0
18.159401875000000, 0, 1, 0, 1, 0, 1, 0
18.786786062499999, 0, 1, 0, 1, 0, 1, 1
18.894738874999998, 0, 1, 0, 0, 0, 1, 1
18.987728812499999, 0, 0, 0, 0, 0, 1, 1
19.285571999999998, 0, 0, 0, 0, 0, 0, 1
19.327552125000000, 0, 0, 0, 0, 1, 0, 1
19.465633687499999, 0, 0, 1, 0, 1, 0, 1
19.763866562499999, 0, 0, 1, 0, 1, 0, 0
20.554445250000001, 0, 0, 1, 0, 0, 0, 0
20.669911187499999, 0, 0, 0, 0, 0, 0, 0
21.046504937500000, 1, 0, 0, 0, 0, 0, 0
21.565751750000000, 1, 1, 0, 0, 0, 0, 0
22.046653062499999, 0, 1, 0, 0, 0, 0, 0
22.358786812500000, 0, 1, 0, 0, 0, 1, 0
22.769293500000000, 0, 1, 0, 1, 0, 1, 0
22.864315375000000, 0, 0, 0, 1, 0, 1, 0
23.484714000000000, 0, 0, 0, 1, 0, 0, 0
23.695884687499998, 0, 0, 0, 0, 0, 0, 0
23.805739812500001, 0, 0, 1, 0, 0, 0, 0
23.917790687499998, 0, 0, 1, 0, 0, 0, 1
23.948391437500000, 0, 0, 1, 0, 1, 0, 1
24.894884749999999, 0, 0, 1, 0, 1, 0, 0
24.949249812500000, 0, 0, 0, 0, 1, 0, 0
25.175240562499997, 0, 0, 0, 0, 0, 0, 0
25.442755187499998, 0, 1, 0, 0, 0, 0, 0
26.557316187500000, 1, 1, 0, 0, 0, 0, 0
26.678853999999998, 1, 0, 0, 0, 0, 0, 0
26.751230937499997, 1, 0, 0, 0, 0, 1, 0
27.557598437499998, 0, 0, 0, 0, 0, 1, 0
27.634086999999997, 0, 0, 0, 1, 0, 1, 0
27.877880375000000, 0, 0, 0, 1, 0, 0, 0
28.023354062499997, 0, 0, 1, 1, 0, 0, 0
28.510718125000000, 0, 0, 1, 1, 1, 0, 0
28.560672437499999, 0, 0, 1, 0, 1, 0, 0
29.047264499999997, 0, 0, 1, 0, 1, 0, 1
29.227427562499997, 0, 0, 0, 0, 1, 0, 1
29.382629124999998, 0, 1, 0, 0, 1, 0, 1
29.737365499999999, 0, 1, 0, 0, 0, 0, 1
29.965831500000000, 0, 1, 0, 0, 0, 0, 0
30.618856624999999, 0, 0, 0, 0, 0, 0, 0
30.953767812499997, 0, 0, 0, 0, 0, 1, 0
32.080453312499998, 0, 0, 0, 0, 0, 0, 0
32.327816062499998, 1, 0, 0, 0, 0, 0, 0
32.363287249999999, 1, 0, 1, 0, 0, 0, 0
32.688497312499997, 1, 0, 1, 1, 0, 0, 0
33.131654562499996, 1, 0, 1, 1, 1, 0, 0
33.134853812499998, 1, 1, 1, 1, 1, 0, 0
33.328236687499995, 0, 1, 1, 1, 1, 0, 0
33.444865312499999, 0, 1, 0, 1, 1, 0, 0
33.615072124999998, 0, 1, 0, 0, 1, 0, 0
34.061350187499997, 0, 1, 0, 0, 1, 0, 1
34.299177312499999, 0, 1, 0, 0, 0, 0, 1
34.433120375000001, 0, 0, 0, 0, 0, 0, 1
35.038047374999998, 0, 0, 0, 0, 0, 0, 0
35.153879374999995, 0, 0, 0, 0, 0, 1, 0
36.280291499999997, 0, 0, 0, 0, 0, 0, 0
36.581057625000000, 0, 0, 1, 0, 0, 0, 0
37.011815999999996, 0, 1, 1, 0, 0, 0, 0
37.489789937499999, 0, 1, 1, 1, 0, 0, 0
37.752993124999996, 0, 1, 1, 1, 1, 0, 0
37.785417500000001, 0, 1, 0, 1, 1, 0, 0
37.839121312499998, 1, 1, 0, 1, 1, 0, 0
38.248006875000002, 1, 0, 0, 1, 1, 0, 0
38.416052125000000, 1, 0, 0, 0, 1, 0, 0
38.839692499999998, 0, 0, 0, 0, 1, 0, 0
38.979734000000001, 0, 0, 0, 0, 0, 0, 0
39.192186062499999, 0, 0, 0, 0, 0, 0, 1
39.290323125000000, 0, 0, 0, 0, 0, 1, 1
40.169091500000000, 0, 0, 0, 0, 0, 1, 0
40.416500187499999, 0, 0, 0, 0, 0, 0, 0
40.701117374999995, 0, 1, 0, 0, 0, 0, 0
40.921049562499995, 0, 1, 1, 0, 0, 0, 0
41.937248124999996, 0, 0, 1, 0, 0, 0, 0
42.063955999999997, 0, 0, 0, 0, 0, 0, 0
42.291397937500001, 0, 0, 0, 1, 0, 0, 0
42.315153687500001, 0, 0, 0, 1, 1, 0, 0
43.218058312499998, 0, 0, 0, 0, 1, 0, 0
43.350980999999997, 1, 0, 0, 0, 1, 0, 0
43.542491687499997, 1, 0, 0, 0, 0, 0, 0
43.745937249999997, 1, 0, 0, 0, 0, 1, 0
44.265037437499998, 1, 0, 0, 0, 0, 1, 1
44.351560999999997, 0, 0, 0, 0, 0, 1, 1
44.703416687499995, 0, 1, 0, 0, 0, 1, 1
44.872930937500001, 0, 1, 0, 0, 0, 0, 1
45.138822749999996, 0, 1, 1, 0, 0, 0, 1
45.183563687499998, 0, 1, 1, 0, 0, 0, 0
46.001923937499996, 0, 0, 1, 0, 0, 0, 0
46.342692187499999, 0, 0, 0, 0, 0, 0, 0
46.936785062500000, 0, 0, 0, 0, 1, 0, 0
47.409189249999997, 0, 0, 0, 1, 1, 0, 0
48.010216749999998, 0, 0, 0, 1, 1, 1, 0
48.163835624999997, 0, 0, 0, 1, 0, 1, 0
48.336010562500000, 0, 0, 0, 0, 0, 1, 0
48.580748249999999, 0, 1, 0, 0, 0, 1, 0
49.121188624999995, 1, 1, 0, 0, 0, 1, 0
49.136318312499995, 1, 1, 0, 0, 0, 0, 0
49.337057437500000, 1, 1, 0, 0, 0, 0, 1
49.784273249999998, 1, 1, 1, 0, 0, 0, 1
49.817642374999998, 1, 0, 1, 0, 0, 0, 1
50.121167999999997, 0, 0, 1, 0, 0, 0, 1
50.313943500000001, 0, 0, 1, 0, 0, 0, 0
50.927026499999997, 0, 0, 0, 0, 0, 0, 0
51.794984312499999, 0, 0, 0, 0, 1, 0, 0
52.210075249999996, 0, 0, 0, 0, 1, 1, 0
52.274459687499998, 0, 0, 0, 1, 1, 1, 0
52.332774499999999, 0, 1, 0, 1, 1, 1, 0
53.021676937499997, 0, 1, 0, 1, 0, 1, 0
53.201591562499999, 0, 1, 0, 0, 0, 1, 0
53.337009375000001, 0, 1, 0, 0, 0, 0, 0
53.568826500000000, 0, 0, 0, 0, 0, 0, 0
54.001667937499995, 0, 0, 1, 0, 0, 0, 0
54.467094562499994, 0, 0, 1, 0, 0, 0, 1
54.631799812499999, 1, 0, 1, 0, 0, 0, 1
55.205488499999994, 1, 0, 0, 0, 0, 0, 1
55.443480687499999, 1, 0, 0, 0, 0, 0, 0
55.631798874999994, 0, 0, 0, 0, 0, 0, 0
56.085219187499995, 0, 1, 0, 0, 0, 0, 0
56.410811937500000, 0, 1, 0, 0, 0, 1, 0
56.416009187499995, 0, 1, 0, 0, 1, 1, 0
57.140144437499998, 0, 1, 0, 1, 1, 1, 0
57.321314687499999, 0, 0, 0, 1, 1, 1, 0
57.537154375000000, 0, 0, 0, 1, 1, 0, 0
57.642757624999994, 0, 0, 0, 1, 0, 0, 0
58.066724187500000, 0, 0, 0, 0, 0, 0, 0
58.463283499999996, 0, 0, 1, 0, 0, 0, 0
59.596492874999996, 0, 0, 1, 0, 0, 0, 1
59.666790249999998, 0, 0, 0, 0, 0, 0, 1
59.837370624999998, 0, 1, 0, 0, 0, 0, 1
60.142553249999999, 1, 1, 0, 0, 0, 0, 1
60.515272249999995, 1, 1, 0, 0, 0, 0, 0
60.868285874999998, 1, 1, 0, 0, 0, 1, 0
60.947834125000000, 1, 0, 0, 0, 0, 1, 0
61.036491187499998, 1, 0, 0, 0, 1, 1, 0
61.143153437499997, 0, 0, 0, 0, 1, 1, 0
61.996038187499998, 0, 0, 0, 0, 1, 0, 0
62.194771374999995, 0, 0, 0, 1, 1, 0, 0
62.263898562499996, 0, 0, 0, 1, 0, 0, 0
62.864087999999995, 0, 0, 1, 1, 0, 0, 0
63.121940937500000, 0, 0, 1, 0, 0, 0, 0
63.464221812500000, 0, 1, 1, 0, 0, 0, 0
64.068308750000000, 0, 1, 0, 0, 0, 0, 0
64.667470562500000, 0, 1, 0, 0, 0, 0, 1
64.762843000000004, 0, 0, 0, 0, 0, 0, 1
65.072116687499999, 0, 0, 0, 0, 0, 1, 1
65.644569500000003, 0, 0, 0, 0, 0, 1, 0
65.894288812499994, 0, 0, 0, 0, 1, 1, 0
65.913196437499991, 1, 0, 0, 0, 1, 1, 0
66.199203374999996, 1, 0, 0, 0, 1, 0, 0
66.913263624999999, 0, 0, 0, 0, 1, 0, 0
66.997064187500001, 0, 0, 0, 1, 1, 0, 0
67.121677625000004, 0, 0, 0, 1, 0, 0, 0
67.403149499999998, 0, 1, 0, 1, 0, 0, 0
67.509027937499994, 0, 1, 1, 1, 0, 0, 0
67.923579000000004, 0, 1, 1, 0, 0, 0, 0
68.701604250000003, 0, 0, 1, 0, 0, 0, 0
68.712795812499991, 0, 0, 0, 0, 0, 0, 0
69.337613500000003, 0, 0, 0, 0, 0, 1, 0
69.797431625000002, 0, 0, 0, 0, 0, 1, 1
70.464444999999998, 0, 0, 0, 0, 0, 0, 1
70.515470687499999, 0, 0, 0, 0, 1, 0, 1
70.774548374999995, 0, 0, 0, 0, 1, 0, 0
71.280450999999999, 0, 1, 0, 0, 1, 0, 0
71.424334875000000, 1, 1, 0, 0, 1, 0, 0
71.742403374999995, 1, 1, 0, 0, 0, 0, 0
71.862754499999994, 1, 1, 0, 1, 0, 0, 0
71.909840812499993, 1, 1, 1, 1, 0, 0, 0
72.424775562500002, 0, 1, 1, 1, 0, 0, 0
72.517357187499996, 0, 0, 1, 1, 0, 0, 0
72.789762749999994, 0, 0, 1, 0, 0, 0, 0
73.113981374999995, 0, 0, 0, 0, 0, 0, 0
73.473893062499997, 0, 0, 0, 0, 0, 1, 0
74.601311062500002, 0, 0, 0, 0, 0, 0, 0
74.869780312499998, 0, 0, 0, 0, 0, 0, 1
74.970338499999997, 0, 1, 0, 0, 0, 0, 1
75.077618999999999, 0, 1, 0, 0, 1, 0, 1
75.788457249999993, 0, 1, 0, 0, 1, 0, 0
76.249442437499994, 0, 1, 1, 0, 1, 0, 0
76.268972625000004, 0, 0, 1, 0, 1, 0, 0
76.304550687499997, 0, 0, 1, 0, 0, 0, 0
76.601432562499994, 0, 0, 1, 1, 0, 0, 0
76.870374249999998, 1, 0, 1, 1, 0, 0, 0
77.453230437499997, 1, 0, 0, 1, 0, 0, 0
77.591324749999998, 1, 0, 0, 0, 0, 0, 0
77.868686312500003, 1, 0, 0, 0, 0, 1, 0
77.870731312499998, 0, 0, 0, 0, 0, 1, 0
78.995648625000001, 0, 0, 0, 0, 0, 0, 0
79.159804874999992, 0, 1, 0, 0, 0, 0, 0
79.639822624999994, 0, 1, 0, 0, 1, 0, 0
79.883825874999999, 0, 1, 0, 0, 1, 0, 1
80.458688749999993, 0, 0, 0, 0, 1, 0, 1
80.807610937500002, 0, 0, 0, 0, 0, 0, 1
80.860438812499993, 0, 0, 0, 0, 0, 0, 0
80.894699687499994, 0, 0, 1, 0, 0, 0, 0
81.971112687499996, 0, 0, 1, 1, 0, 0, 0
82.037281249999992, 0, 0, 0, 1, 0, 0, 0
82.134805749999998, 0, 0, 0, 1, 0, 1, 0
82.703846874999996, 1, 0, 0, 1, 0, 1, 0
82.961276124999998, 1, 0, 0, 0, 0, 1, 0
83.099844124999990, 1, 1, 0, 0, 0, 1, 0
83.261208312500003, 1, 1, 0, 0, 0, 0, 0
83.704337187500002, 0, 1, 0, 0, 0, 0, 0
84.202431249999989, 0, 1, 0, 0, 1, 0, 0
84.336031499999990, 0, 0, 0, 0, 1, 0, 0
85.013238500000000, 0, 0, 0, 0, 1, 0, 1
85.051017187499994, 0, 0, 1, 0, 1, 0, 1
85.429583999999991, 0, 0, 1, 0, 0, 0, 1
85.990086062499998, 0, 0, 1, 0, 0, 0, 0
86.254955499999994, 0, 0, 0, 0, 0, 0, 0
86.273290187499995, 0, 0, 0, 0, 0, 1, 0
86.789594749999992, 0, 1, 0, 0, 0, 1, 0
86.961741875000001, 0, 1, 0, 1, 0, 1, 0
87.400526312499991, 0, 1, 0, 1, 0, 0, 0
87.888131437499993, 0, 1, 0, 0, 0, 0, 0
88.025820999999993, 0, 0, 0, 0, 0, 0, 0
88.150546437499997, 1, 0, 0, 0, 0, 0, 0
88.706034937499993, 1, 0, 0, 0, 1, 0, 0
89.151368812499996, 0, 0, 0, 0, 1, 0, 0
89.390753375000003, 0, 0, 1, 0, 1, 0, 0
89.933535187499999, 0, 0, 1, 0, 0, 0, 0
90.084993749999995, 0, 0, 1, 0, 0, 0, 1
90.413517937499989, 0, 0, 1, 0, 0, 1, 1
90.541982750000003, 0, 1, 1, 0, 0, 1, 1
90.594802999999999, 0, 1, 0, 0, 0, 1, 1
91.003428187499992, 0, 1, 0, 0, 0, 1, 0
91.540441812499992, 0, 1, 0, 0, 0, 0, 0
91.763431624999996, 0, 1, 0, 1, 0, 0, 0
91.778313249999997, 0, 0, 0, 1, 0, 0, 0
92.753097562500002, 0, 0, 0, 0, 0, 0, 0
93.209617312500001, 0, 0, 0, 0, 1, 0, 0
93.662075687499993, 1, 0, 0, 0, 1, 0, 0
93.730252124999993, 1, 0, 1, 0, 1, 0, 0
94.436655375000001, 1, 0, 1, 0, 0, 0, 0
94.481402500000002, 1, 1, 1, 0, 0, 0, 0
94.662378249999989, 0, 1, 1, 0, 0, 0, 0
94.807718687500000, 0, 1, 1, 0, 0, 1, 0
94.934707500000002, 0, 1, 0, 0, 0, 1, 0
95.098841437499999, 0, 1, 0, 0, 0, 1, 1
95.717808124999991, 0, 0, 0, 0, 0, 1, 1
95.935535687499993, 0, 0, 0, 0, 0, 0, 1
96.075993812500002, 0, 0, 0, 0, 0, 0, 0
97.070692062500001, 0, 0, 0, 1, 0, 0, 0
97.997648499999997, 0, 0, 0, 0, 0, 0, 0
98.009228562499999, 0, 0, 0, 0, 1, 0, 0
98.233654874999999, 0, 1, 0, 0, 1, 0, 0
98.375584312499996, 0, 1, 1, 0, 1, 0, 0
99.009383687499991, 0, 1, 1, 0, 1, 1, 0
99.236811437499995, 0, 1, 1, 0, 0, 1, 0
99.431146874999996, 1, 1, 1, 0, 0, 1, 0
99.469775937499989, 1, 0, 1, 0, 0, 1, 0
99.579681124999993, 1, 0, 0, 0, 0, 1, 0
100.135757249999997, 1, 0, 0, 0, 0, 0, 0
100.171249375000002, 1, 0, 0, 0, 0, 0, 1
100.431101062499991, 0, 0, 0, 0, 0, 0, 1
101.147805374999990, 0, 0, 0, 0, 0, 0, 0
101.873146437499997, 0, 0, 0, 1, 0, 0, 0
101.985682374999996, 0, 1, 0, 1, 0, 0, 0
102.572346249999995, 0, 1, 0, 1, 1, 0, 0
102.775983187499989, 0, 1, 1, 1, 1, 0, 0
102.799661312499993, 0, 1, 1, 0, 1, 0, 0
103.145439124999996, 0, 1, 1, 0, 1, 1, 0
103.221647687499996, 0, 0, 1, 0, 1, 1, 0
103.799715812499997, 0, 0, 1, 0, 0, 1, 0
103.918462249999990, 0, 0, 0, 0, 0, 1, 0
104.272211874999996, 0, 0, 0, 0, 0, 0, 0
105.006759312499995, 1, 0, 0, 0, 0, 0, 0
105.301883187499996, 1, 0, 0, 0, 0, 0, 1
105.738056312499992, 1, 1, 0, 0, 0, 0, 1
106.007296062499989, 0, 1, 0, 0, 0, 0, 1
106.220133062499997, 0, 1, 0, 0, 0, 0, 0
106.738382750000000, 0, 1, 0, 1, 0, 0, 0
106.974916937499998, 0, 0, 0, 1, 0, 0, 0
106.993419187499995, 0, 0, 1, 1, 0, 0, 0
107.194807749999995, 0, 0, 1, 1, 1, 0, 0
107.345745562499999, 0, 0, 1, 1, 1, 1, 0
107.728347937499990, 0, 0, 1, 0, 1, 1, 0
108.197591562499994, 0, 0, 0, 0, 1, 1, 0
108.422496437500001, 0, 0, 0, 0, 0, 1, 0
108.471856500000001, 0, 0, 0, 0, 0, 0, 0
109.803043125000002, 0, 1, 0, 0, 0, 0, 0
110.315432000000001, 0, 1, 0, 0, 0, 0, 1
110.581952874999999, 1, 1, 0, 0, 0, 0, 1
111.101510312499997, 1, 0, 0, 0, 0, 0, 1
111.292094374999991, 1, 0, 0, 0, 0, 0, 0
111.394100437500001, 1, 0, 1, 0, 0, 0, 0
111.582156999999995, 0, 0, 1, 0, 0, 0, 0
111.802015124999997, 0, 0, 1, 0, 0, 1, 0
111.995339187499994, 0, 0, 1, 0, 1, 1, 0
112.108929875000001, 0, 0, 1, 1, 1, 1, 0
112.475083312499990, 0, 0, 0, 1, 1, 1, 0
112.929099499999992, 0, 0, 0, 1, 1, 0, 0
113.036079937499991, 0, 0, 0, 0, 1, 0, 0
113.223124874999996, 0, 0, 0, 0, 0, 0, 0
113.679692500000002, 0, 1, 0, 0, 0, 0, 0
114.915713624999995, 0, 0, 0, 0, 0, 0, 0
115.445371187500001, 0, 0, 0, 0, 0, 0, 1
115.611098312499990, 0, 0, 1, 0, 0, 0, 1
116.005583874999999, 0, 0, 1, 0, 0, 1, 1
116.416093937499994, 1, 0, 1, 0, 0, 1, 1
116.422374999999988, 1, 0, 1, 0, 0, 1, 0
116.617713499999994, 1, 0, 1, 0, 1, 1, 0
116.754057562499995, 1, 0, 0, 0, 1, 1, 0
116.910460562499992, 1, 0, 0, 1, 1, 1, 0
117.132957812499995, 1, 0, 0, 1, 1, 0, 0
117.416166749999988, 0, 0, 0, 1, 1, 0, 0
117.494057624999996, 0, 1, 0, 1, 1, 0, 0
117.837255499999998, 0, 1, 0, 0, 1, 0, 0
117.845281687499991, 0, 1, 0, 0, 0, 0, 0
118.793286499999994, 0, 0, 0, 0, 0, 0, 0
119.828444437499996, 0, 0, 1, 0, 0, 0, 0
120.209468625000000, 0, 0, 1, 0, 0, 1, 0
120.576610312499994, 0, 0, 1, 0, 0, 1, 1
120.971247999999989, 0, 0, 0, 0, 0, 1, 1
121.239838874999990, 0, 0, 0, 0, 1, 1, 1
121.337296687500000, 0, 0, 0, 0, 1, 0, 1
121.433467437499999, 0, 1, 0, 0, 1, 0, 1
121.494837437499996, 0, 1, 0, 0, 1, 0, 0
121.775096437499997, 0, 1, 0, 1, 1, 0, 0
121.990891812499996, 1, 1, 0, 1, 1, 0, 0
122.466947187499997, 1, 1, 0, 1, 0, 0, 0
122.669852124999991, 1, 0, 0, 1, 0, 0, 0
122.701881812499991, 1, 0, 0, 0, 0, 0, 0
122.990885187499998, 0, 0, 0, 0, 0, 0, 0
124.045623687499997, 0, 0, 1, 0, 0, 0, 0
124.413383187499988, 0, 0, 1, 0, 0, 1, 0
125.185432812499997, 0, 1, 1, 0, 0, 1, 0
125.188047187499990, 0, 1, 0, 0, 0, 1, 0
125.540277499999988, 0, 1, 0, 0, 0, 0, 0
125.648964874999990, 0, 1, 0, 0, 0, 0, 1
125.862074999999990, 0, 1, 0, 0, 1, 0, 1
126.296238687499994, 0, 0, 0, 0, 1, 0, 1
126.576928562500001, 0, 0, 0, 1, 1, 0, 1
126.625791687499998, 0, 0, 0, 1, 1, 0, 0
126.970239999999990, 0, 0, 0, 1, 0, 0, 0
127.440875624999990, 0, 0, 0, 0, 0, 0, 0
127.564643624999988, 1, 0, 0, 0, 0, 0, 0
128.506702062499983, 1, 0, 1, 0, 0, 0, 0
128.564451937499996, 0, 0, 1, 0, 0, 0, 0
128.812703562499991, 0, 1, 1, 0, 0, 0, 0
128.870453499999996, 0, 1, 1, 0, 0, 1, 0
129.648915125000002, 0, 1, 0, 0, 0, 1, 0
129.996595437499991, 0, 1, 0, 0, 0, 0, 0
130.048838312499981, 0, 0, 0, 0, 0, 0, 0
130.246981312499997, 0, 0, 0, 0, 1, 0, 0
130.779396499999990, 0, 0, 0, 0, 1, 0, 1
131.379153000000002, 0, 0, 0, 1, 1, 0, 1
131.474353500000007, 0, 0, 0, 1, 0, 0, 1
131.756330125000005, 0, 0, 0, 1, 0, 0, 0
132.306099562499980, 0, 0, 0, 0, 0, 0, 0
132.627326187499989, 0, 1, 0, 0, 0, 0, 0
132.784190249999995, 0, 1, 1, 0, 0, 0, 0
133.133935750000006, 0, 1, 1, 0, 0, 1, 0
133.398588687499995, 1, 1, 1, 0, 0, 1, 0
133.863311937499986, 1, 0, 1, 0, 0, 1, 0
133.926360312499980, 1, 0, 0, 0, 0, 1, 0
134.260706062499992, 1, 0, 0, 0, 0, 0, 0
134.398718437499980, 0, 0, 0, 0, 0, 0, 0
134.927974687499983, 0, 0, 0, 0, 1, 0, 0
136.154881812499980, 0, 0, 0, 0, 0, 0, 0
136.201235624999981, 0, 0, 0, 0, 0, 0, 1
136.307523187499982, 0, 0, 0, 1, 0, 0, 1
136.441956062499997, 0, 1, 0, 1, 0, 0, 1
137.061931999999985, 0, 1, 1, 1, 0, 0, 1
137.178078687500005, 0, 1, 1, 1, 0, 0, 0
137.234236624999994, 0, 1, 1, 0, 0, 0, 0
137.334803687499999, 0, 1, 1, 0, 0, 1, 0
137.678026875000000, 0, 0, 1, 0, 0, 1, 0
138.204606249999983, 0, 0, 0, 0, 0, 1, 0
138.461661187499999, 0, 0, 0, 0, 0, 0, 0
139.102833687499981, 1, 0, 0, 0, 0, 0, 0
139.608412375000000, 1, 0, 0, 0, 1, 0, 0
140.103040812499984, 0, 0, 0, 0, 1, 0, 0
140.256508374999981, 0, 1, 0, 0, 1, 0, 0
140.835769812499990, 0, 1, 0, 0, 0, 0, 0
141.235700062500001, 0, 1, 0, 1, 0, 0, 0
141.339820874999987, 0, 1, 1, 1, 0, 0, 0
141.390101249999987, 0, 1, 1, 1, 0, 0, 1
141.492655374999998, 0, 0, 1, 1, 0, 0, 1
141.665596687499999, 0, 0, 1, 1, 0, 1, 1
142.162290624999997, 0, 0, 1, 0, 0, 1, 1
142.366864499999991, 0, 0, 1, 0, 0, 1, 0
142.481972374999998, 0, 0, 0, 0, 0, 1, 0
142.728669499999995, 0, 0, 0, 0, 0, 0, 0
144.320502874999988, 0, 1, 0, 0, 0, 0, 0
144.526027374999984, 0, 1, 0, 0, 1, 0, 0
144.741215499999981, 1, 1, 0, 0, 1, 0, 0
145.556218812499992, 1, 0, 0, 0, 1, 0, 0
145.741386687499983, 0, 0, 0, 0, 1, 0, 0
145.753303312499980, 0, 0, 0, 0, 0, 0, 0
145.861709125000004, 0, 0, 1, 0, 0, 0, 0
145.931466124999986, 0, 0, 1, 0, 0, 1, 0
146.416344187499988, 0, 0, 1, 1, 0, 1, 0
146.636688625000005, 0, 0, 1, 1, 0, 1, 1
147.004719249999994, 0, 0, 0, 1, 0, 1, 1
147.058493187500005, 0, 0, 0, 1, 0, 0, 1
147.342803250000003, 0, 0, 0, 0, 0, 0, 1
147.613220374999997, 0, 0, 0, 0, 0, 0, 0
148.197515062500003, 0, 1, 0, 0, 0, 0, 0
149.206327125000001, 0, 1, 0, 0, 1, 0, 0
149.433666749999986, 0, 0, 0, 0, 1, 0, 0
150.200611187499987, 0, 0, 1, 0, 1, 0, 0
150.262052062500004, 0, 0, 1, 0, 1, 1, 0
150.433260687499995, 0, 0, 1, 0, 0, 1, 0
150.703511999999989, 1, 0, 1, 0, 0, 1, 0
151.342873499999996, 1, 0, 0, 0, 0, 1, 0
151.344340812499979, 1, 0, 0, 1, 0, 1, 0
151.388300375000000, 1, 0, 0, 1, 0, 0, 0
151.703389187499994, 0, 0, 0, 1, 0, 0, 0
152.012381812499996, 0, 1, 0, 1, 0, 0, 0
152.116925437499987, 0, 1, 0, 1, 0, 0, 1
152.270745124999991, 0, 1, 0, 0, 0, 0, 1
153.093659437499980, 0, 1, 0, 0, 0, 0, 0
153.248798812499984, 0, 0, 0, 0, 0, 0, 0
153.946658312500006, 0, 0, 0, 0, 1, 0, 0
154.478460624999997, 0, 0, 1, 0, 1, 0, 0
154.525189624999996, 0, 0, 1, 0, 1, 1, 0
155.173284874999979, 0, 0, 1, 0, 0, 1, 0
155.620846374999985, 0, 0, 0, 0, 0, 1, 0
155.651582749999989, 0, 0, 0, 0, 0, 0, 0
155.889511374999984, 0, 1, 0, 0, 0, 0, 0
156.271794000000000, 0, 1, 0, 1, 0, 0, 0
156.406902687499979, 1, 1, 0, 1, 0, 0, 0
157.125633812499984, 1, 0, 0, 1, 0, 0, 0
157.198273000000000, 1, 0, 0, 0, 0, 0, 0
157.306150750000000, 1, 0, 0, 0, 0, 0, 1
157.406975875000001, 0, 0, 0, 0, 0, 0, 1
158.283170874999996, 0, 0, 0, 0, 0, 0, 0
158.817775812500003, 0, 0, 1, 0, 0, 0, 0
158.863746937499997, 0, 0, 1, 0, 1, 0, 0
159.043185124999980, 0, 0, 1, 0, 1, 1, 0
159.954059562499992, 0, 1, 1, 0, 1, 1, 0
159.960507624999991, 0, 1, 0, 0, 1, 1, 0
160.091031375000000, 0, 1, 0, 0, 0, 1, 0
160.169509750000003, 0, 1, 0, 0, 0, 0, 0
161.190681499999982, 0, 0, 0, 0, 0, 0, 0
161.452616624999990, 0, 0, 0, 1, 0, 0, 0
162.174988999999982, 1, 0, 0, 1, 0, 0, 0
162.379141812499995, 1, 0, 0, 0, 0, 0, 0
162.553631687500001, 1, 0, 0, 0, 0, 0, 1
163.175109437499998, 0, 0, 0, 0, 0, 0, 1
163.307218874999990, 0, 0, 0, 0, 0, 1, 1
163.339867812499989, 0, 0, 1, 0, 0, 1, 1
163.530388687499993, 0, 0, 1, 0, 0, 1, 0
163.543622249999999, 0, 0, 1, 0, 1, 1, 0
163.831399250000004, 0, 1, 1, 0, 1, 1, 0
164.433654125000004, 0, 1, 1, 0, 1, 0, 0
164.482658749999985, 0, 1, 0, 0, 1, 0, 0
164.770203124999995, 0, 1, 0, 0, 0, 0, 0
165.068101874999996, 0, 0, 0, 0, 0, 0, 0
166.380943437499980, 0, 0, 0, 1, 0, 0, 0
167.307750999999996, 0, 0, 0, 0, 0, 0, 0
167.634750437500003, 0, 0, 0, 0, 0, 1, 0
167.646153999999996, 0, 1, 0, 0, 0, 1, 0
167.678947312499986, 0, 1, 1, 0, 0, 1, 0
167.975558062499999, 0, 1, 1, 0, 0, 1, 1
168.137041749999980, 1, 1, 1, 0, 0, 1, 1
168.223491062499988, 1, 1, 1, 0, 1, 1, 1
168.761739500000004, 1, 1, 1, 0, 1, 0, 1
168.821860624999999, 1, 1, 0, 0, 1, 0, 1
168.882506624999991, 1, 0, 0, 0, 1, 0, 1
168.952290374999990, 1, 0, 0, 0, 1, 0, 0
169.137066312499996, 0, 0, 0, 0, 1, 0, 0
169.450185374999990, 0, 0, 0, 0, 0, 0, 0
171.308884124999992, 0, 0, 0, 1, 0, 0, 0
171.523406249999994, 0, 1, 0, 1, 0, 0, 0
171.898812687499998, 0, 1, 0, 1, 0, 1, 0
171.956652875000003, 0, 1, 1, 1, 0, 1, 0
172.235656437499983, 0, 1, 1, 0, 0, 1, 0
172.760175874999987, 0, 0, 1, 0, 0, 1, 0
173.024741250000005, 0, 0, 1, 0, 0, 0, 0
173.099767812500005, 0, 0, 0, 0, 0, 0, 0
173.140013999999979, 0, 0, 0, 0, 1, 0, 0
173.164034937499991, 0, 0, 0, 0, 1, 0, 1
173.839832062499994, 1, 0, 0, 0, 1, 0, 1
174.140779062500002, 1, 0, 0, 0, 1, 0, 0
174.366615374999981, 1, 0, 0, 0, 0, 0, 0
174.839670437499990, 0, 0, 0, 0, 0, 0, 0
175.588296687499991, 0, 1, 0, 0, 0, 0, 0
176.236624687499983, 0, 1, 0, 1, 0, 0, 0
176.417684874999992, 0, 1, 0, 1, 0, 1, 0
176.478909874999999, 0, 1, 1, 1, 0, 1, 0
176.824750999999992, 0, 0, 1, 1, 0, 1, 0
177.100231812499999, 0, 0, 1, 0, 0, 1, 0
177.544169187499989, 0, 0, 1, 0, 0, 0, 0
177.621095249999996, 0, 0, 0, 0, 0, 0, 0
177.879021749999993, 0, 0, 0, 0, 1, 0, 0
178.410770812500004, 0, 0, 0, 0, 1, 0, 1
179.105760374999988, 0, 0, 0, 0, 0, 0, 1
179.387375875000004, 0, 0, 0, 0, 0, 0, 0
179.465412749999984, 0, 1, 0, 0, 0, 0, 0
179.543358624999996, 1, 1, 0, 0, 0, 0, 0
180.543315937499983, 0, 1, 0, 0, 0, 0, 0
180.683488437499989, 0, 1, 0, 0, 0, 1, 0
180.702041062500001, 0, 0, 0, 0, 0, 1, 0
180.817466624999980, 0, 0, 1, 0, 0, 1, 0
181.101120937499985, 0, 0, 1, 1, 0, 1, 0
181.810789249999999, 0, 0, 1, 1, 0, 0, 0
181.960478249999994, 0, 0, 0, 1, 0, 0, 0
182.027734499999980, 0, 0, 0, 0, 0, 0, 0
182.618189999999998, 0, 0, 0, 0, 1, 0, 0
183.342706249999992, 0, 1, 0, 0, 1, 0, 0
183.845589062499982, 0, 1, 0, 0, 0, 0, 0
183.890813874999992, 0, 1, 0, 0, 0, 0, 1
184.579076812500006, 0, 0, 0, 0, 0, 0, 1
184.867737124999991, 0, 0, 0, 0, 0, 0, 0
185.015499874999989, 0, 0, 0, 0, 0, 1, 0
185.156313624999996, 0, 0, 1, 0, 0, 1, 0
185.506111624999988, 1, 0, 1, 0, 0, 1, 0
186.091422749999992, 1, 0, 1, 1, 0, 1, 0
186.143118312499979, 1, 0, 1, 1, 0, 0, 0
186.299123124999994, 1, 0, 0, 1, 0, 0, 0
186.506047187500002, 0, 0, 0, 1, 0, 0, 0
187.017712187499995, 0, 0, 0, 0, 0, 0, 0
187.220514062500001, 0, 1, 0, 0, 0, 0, 0
187.358085437499994, 0, 1, 0, 0, 1, 0, 0
188.456968499999988, 0, 0, 0, 0, 1, 0, 0
188.466359437499989, 0, 0, 0, 0, 0, 0, 0
189.196437562499995, 0, 0, 0, 0, 0, 0, 1
189.411022124999988, 0, 0, 0, 0, 0, 1, 1
189.556272312499999, 0, 0, 1, 0, 0, 1, 1
190.173587312499990, 0, 0, 1, 0, 0, 1, 0
190.538245687499995, 0, 0, 1, 0, 0, 0, 0
190.698560499999985, 0, 0, 0, 0, 0, 0, 0
191.081843437499998, 0, 0, 0, 1, 0, 0, 0
191.339143187499985, 1, 0, 0, 1, 0, 0, 0
191.347960687499977, 1, 1, 0, 1, 0, 0, 0
191.919654937499985, 1, 1, 0, 1, 1, 0, 0
192.008251374999986, 1, 1, 0, 0, 1, 0, 0
192.339190500000001, 0, 1, 0, 0, 1, 0, 0
192.584820687499985, 0, 0, 0, 0, 1, 0, 0
193.146568250000001, 0, 0, 0, 0, 0, 0, 0
193.997451812500003, 0, 0, 0, 0, 0, 1, 0
194.139625187500002, 0, 0, 1, 0, 0, 1, 0
194.502204874999990, 0, 0, 1, 0, 0, 1, 1
195.124475249999989, 0, 0, 1, 0, 0, 0, 1
195.225009499999999, 0, 1, 1, 0, 0, 0, 1
195.281955749999980, 0, 1, 0, 0, 0, 0, 1
195.479428749999983, 0, 1, 0, 0, 0, 0, 0
196.324629249999987, 0, 1, 0, 1, 0, 0, 0
196.461652999999984, 0, 0, 0, 1, 0, 0, 0
196.659249875000000, 0, 0, 0, 1, 1, 0, 0
197.106927749999983, 1, 0, 0, 1, 1, 0, 0
197.250945374999986, 1, 0, 0, 0, 1, 0, 0
197.886627874999988, 1, 0, 0, 0, 0, 0, 0
198.107115062499986, 0, 0, 0, 0, 0, 0, 0
198.328654250000000, 0, 0, 0, 0, 0, 1, 0
198.539019124999982, 0, 0, 1, 0, 0, 1, 0
199.164515499999993, 0, 1, 1, 0, 0, 1, 0
199.456177687500002, 0, 1, 1, 0, 0, 0, 0
199.681118374999983, 0, 1, 0, 0, 0, 0, 0
199.982855687499978, 0, 1, 0, 0, 0, 0, 1
200.400495374999991, 0, 0, 0, 0, 0, 0, 1
200.901809312499978, 0, 0, 0, 0, 0, 0, 0
201.314742749999994, 0, 0, 0, 1, 0, 0, 0
201.457931437499980, 0, 0, 0, 1, 1, 0, 0
202.241451937499988, 0, 0, 0, 0, 1, 0, 0
202.684875062499998, 0, 0, 0, 0, 0, 0, 0
202.722276312499986, 0, 0, 0, 0, 0, 1, 0
202.877606812499977, 0, 0, 1, 0, 0, 1, 0
203.041472312499991, 0, 1, 1, 0, 0, 1, 0
203.198790750000001, 1, 1, 1, 0, 0, 1, 0
203.848850374999984, 1, 1, 1, 0, 0, 0, 0
204.020021062499978, 1, 1, 0, 0, 0, 0, 0
204.198412312499983, 0, 1, 0, 0, 0, 0, 0
204.277901374999999, 0, 0, 0, 0, 0, 0, 0
204.997233499999993, 0, 0, 0, 0, 0, 0, 1
205.974105562500000, 0, 0, 0, 0, 0, 0, 0
206.305053375000000, 0, 0, 0, 1, 0, 0, 0
206.434031687499981, 0, 0, 0, 1, 1, 0, 0
207.050918812499987, 0, 0, 0, 1, 1, 1, 0
207.168244312499979, 0, 1, 0, 1, 1, 1, 0
207.231326374999981, 0, 1, 0, 0, 1, 1, 0
207.277848624999990, 0, 1, 1, 0, 1, 1, 0
207.660803125000001, 0, 1, 1, 0, 0, 1, 0
208.177872249999979, 0, 1, 1, 0, 0, 0, 0
208.359752125000000, 0, 1, 0, 0, 0, 0, 0
208.404041499999977, 0, 0, 0, 0, 0, 0, 0
208.966719874999995, 1, 0, 0, 0, 0, 0, 0
209.966989062499977, 0, 0, 0, 0, 0, 0, 0
210.302808937500004, 0, 0, 0, 0, 0, 0, 1
211.107906812499976, 0, 1, 0, 0, 0, 0, 1
211.173152999999985, 0, 1, 0, 0, 1, 0, 1
211.279263562499978, 0, 1, 0, 0, 1, 0, 0
211.548172374999979, 0, 1, 0, 1, 1, 0, 0
211.636692999999980, 0, 1, 0, 1, 1, 1, 0
211.678339874999978, 0, 1, 1, 1, 1, 1, 0
212.343843499999991, 0, 0, 1, 1, 1, 1, 0
212.400478812499983, 0, 0, 1, 1, 0, 1, 0
212.474854124999979, 0, 0, 1, 0, 0, 1, 0
212.764082062499995, 0, 0, 1, 0, 0, 0, 0
212.821024187500001, 0, 0, 0, 0, 0, 0, 0
214.734593687499995, 1, 0, 0, 0, 0, 0, 0
214.984922124999997, 1, 1, 0, 0, 0, 0, 0
215.734349937499985, 0, 1, 0, 0, 0, 0, 0
215.782857437499985, 0, 1, 0, 0, 0, 0, 1
215.912972312499988, 0, 1, 0, 0, 1, 0, 1
215.967885249999995, 0, 1, 0, 0, 1, 1, 1
216.018068062499992, 0, 1, 1, 0, 1, 1, 1
216.221104812499988, 0, 0, 1, 0, 1, 1, 1
216.538616625000003, 0, 0, 1, 1, 1, 1, 1
216.701433812499999, 0, 0, 1, 1, 1, 1, 0
217.080855374999999, 0, 0, 1, 1, 0, 1, 0
217.095036874999977, 0, 0, 1, 1, 0, 0, 0
217.160324437499980, 0, 0, 0, 1, 0, 0, 0
217.465515499999981, 0, 0, 0, 0, 0, 0, 0
218.862127375000000, 0, 1, 0, 0, 0, 0, 0
220.098190499999987, 0, 0, 0, 0, 0, 0, 0
220.299004499999995, 0, 0, 0, 0, 0, 1, 0
220.418303249999980, 0, 0, 1, 0, 0, 1, 0
220.712136499999986, 0, 0, 1, 0, 1, 1, 0
220.797243812500000, 0, 0, 1, 0, 1, 1, 1
220.826795124999990, 1, 0, 1, 0, 1, 1, 1
221.425712187499983, 1, 0, 1, 0, 1, 0, 1
221.528913249999988, 1, 0, 1, 1, 1, 0, 1
221.560815312499983, 1, 0, 0, 1, 1, 0, 1
221.774245999999977, 1, 0, 0, 1, 1, 0, 0
221.826790625000001, 0, 0, 0, 1, 1, 0, 0
221.939098250000001, 0, 0, 0, 1, 0, 0, 0
222.455781500000001, 0, 0, 0, 0, 0, 0, 0
222.801885062499991, 0, 1, 0, 0, 0, 0, 0
223.912826249999995, 0, 0, 0, 0, 0, 0, 0
224.694057937499991, 0, 0, 0, 0, 0, 1, 0
225.001672187499992, 0, 0, 1, 0, 0, 1, 0
225.511269624999983, 0, 0, 1, 0, 1, 1, 0
225.757955999999979, 0, 0, 1, 0, 1, 0, 0
226.103671312499984, 0, 0, 1, 0, 1, 0, 1
226.144517562499999, 0, 0, 0, 0, 1, 0, 1
226.554116624999978, 0, 1, 0, 0, 1, 0, 1
226.660172812499979, 1, 1, 0, 0, 1, 0, 1
226.738319312499982, 1, 1, 0, 0, 0, 0, 1
226.772102749999988, 1, 1, 0, 1, 0, 0, 1
227.022312374999984, 1, 1, 0, 1, 0, 0, 0
227.660584124999986, 0, 1, 0, 1, 0, 0, 0
227.698767187499982, 0, 1, 0, 0, 0, 0, 0
227.790483624999979, 0, 0, 0, 0, 0, 0, 0
229.089080687500001, 0, 0, 0, 0, 0, 1, 0
229.462984812499997, 0, 0, 1, 0, 0, 1, 0
230.216546874999977, 0, 0, 1, 0, 0, 0, 0
230.251034500000003, 0, 0, 1, 0, 1, 0, 0
230.494276124999999, 0, 1, 1, 0, 1, 0, 0
230.605581874999984, 0, 1, 0, 0, 1, 0, 0
231.350382062499989, 0, 1, 0, 0, 1, 0, 1
231.418920874999998, 0, 1, 0, 0, 0, 0, 1
231.731118374999994, 0, 0, 0, 0, 0, 0, 1
231.825854749999991, 0, 0, 0, 1, 0, 0, 1
232.268554562499986, 0, 0, 0, 1, 0, 0, 0
232.493770749999982, 1, 0, 0, 1, 0, 0, 0
232.752587374999990, 1, 0, 0, 0, 0, 0, 0
233.428919937499984, 0, 0, 0, 0, 0, 0, 0
233.484390312499983, 0, 0, 0, 0, 0, 1, 0
233.863208937499991, 0, 0, 1, 0, 0, 1, 0
234.434096124999996, 0, 1, 1, 0, 0, 1, 0
234.611920812499989, 0, 1, 1, 0, 0, 0, 0
235.005599499999988, 0, 1, 0, 0, 0, 0, 0
235.109295312499995, 0, 1, 0, 0, 1, 0, 0
235.670188562499987, 0, 0, 0, 0, 1, 0, 0
236.336850437499976, 0, 0, 0, 0, 0, 0, 0
236.422354124999998, 0, 0, 0, 0, 0, 0, 1
236.880039874999994, 0, 0, 0, 1, 0, 0, 1
237.399229249999991, 0, 0, 0, 1, 0, 0, 0
237.806450249999983, 0, 0, 0, 0, 0, 0, 0
237.879370749999993, 0, 0, 0, 0, 0, 1, 0
238.197092374999983, 1, 0, 0, 0, 0, 1, 0
238.263831499999981, 1, 0, 1, 0, 0, 1, 0
238.374084499999981, 1, 1, 1, 0, 0, 1, 0
239.006984875000001, 1, 1, 1, 0, 0, 0, 0
239.197556124999977, 0, 1, 1, 0, 0, 0, 0
239.406250249999999, 0, 1, 0, 0, 0, 0, 0
239.485422874999983, 0, 0, 0, 0, 0, 0, 0
239.908404437499996, 0, 0, 0, 0, 1, 0, 0
241.135651187500002, 0, 0, 0, 0, 0, 0, 0
241.786388687499993, 0, 0, 0, 0, 0, 0, 1
241.933267437499978, 0, 0, 0, 1, 0, 0, 1
242.188960312500001, 0, 1, 0, 1, 0, 0, 1
242.529618999999997, 0, 1, 0, 1, 0, 1, 1
242.705224312499979, 0, 1, 0, 1, 0, 1, 0
242.796961437499988, 0, 1, 0, 0, 0, 1, 0
242.969816999999978, 0, 1, 1, 0, 0, 1, 0
243.425139937499978, 0, 0, 1, 0, 0, 1, 0
243.656878562499998, 0, 0, 1, 0, 0, 0, 0
244.095181874999980, 1, 0, 1, 0, 0, 0, 0
244.112635312499975, 1, 0, 0, 0, 0, 0, 0
244.766170312499980, 1, 0, 0, 0, 1, 0, 0
245.095276312499976, 0, 0, 0, 0, 1, 0, 0
245.992808374999981, 0, 0, 0, 0, 0, 0, 0
246.129145562499986, 0, 1, 0, 0, 0, 0, 0
246.923653812499992, 0, 1, 0, 1, 0, 0, 0
246.924625374999977, 0, 1, 0, 1, 0, 1, 0
247.092522062499995, 0, 1, 0, 1, 0, 1, 1
247.365483937499988, 0, 0, 0, 1, 0, 1, 1
247.431434499999995, 0, 0, 1, 1, 0, 1, 1
247.850461937500000, 0, 0, 1, 0, 0, 1, 1
248.010902749999985, 0, 0, 1, 0, 0, 1, 0
248.051373687499989, 0, 0, 1, 0, 0, 0, 0
248.574149937499982, 0, 0, 0, 0, 0, 0, 0
249.623837812500000, 0, 0, 0, 0, 1, 0, 0
250.131690749999990, 0, 1, 0, 0, 1, 0, 0
250.252641124999997, 1, 1, 0, 0, 1, 0, 0
250.732594374999991, 1, 1, 0, 0, 0, 0, 0
251.252586062500001, 0, 1, 0, 0, 0, 0, 0
251.368500499999982, 0, 0, 0, 0, 0, 0, 0
251.383287437500002, 0, 0, 0, 0, 0, 1, 0
251.892838187499990, 0, 0, 1, 0, 0, 1, 0
252.040898124999984, 0, 0, 1, 1, 0, 1, 0
252.222804312499989, 0, 0, 1, 1, 0, 1, 1
252.510458999999997, 0, 0, 1, 1, 0, 0, 1
252.967405437499991, 0, 0, 1, 0, 0, 0, 1
253.035319249999986, 0, 0, 0, 0, 0, 0, 1
253.199686124999999, 0, 0, 0, 0, 0, 0, 0
254.072073249999988, 0, 1, 0, 0, 0, 0, 0
254.244661437499985, 0, 1, 0, 0, 1, 0, 0
255.308739624999987, 0, 0, 0, 0, 1, 0, 0
255.412324187499991, 0, 0, 0, 0, 0, 0, 0
255.842280562499980, 0, 0, 0, 0, 0, 1, 0
256.150703437499999, 1, 0, 0, 0, 0, 1, 0
256.598632312500001, 1, 0, 1, 0, 0, 1, 0
256.969508374999975, 1, 0, 1, 0, 0, 0, 0
257.151057937500013, 0, 0, 1, 0, 0, 0, 0
257.157912312500002, 0, 0, 1, 1, 0, 0, 0
257.741107437499977, 0, 0, 0, 1, 0, 0, 0
257.878042562500013, 0, 0, 0, 1, 0, 0, 1
258.085009562499977, 0, 0, 0, 0, 0, 0, 1
258.325064187500004, 0, 1, 0, 0, 0, 0, 1
258.796493437499976, 0, 1, 0, 0, 0, 0, 0
258.865789124999992, 0, 1, 0, 0, 1, 0, 0
259.561749625000004, 0, 0, 0, 0, 1, 0, 0
260.033117249999975, 0, 0, 0, 0, 0, 0, 0
260.555970375000015, 0, 0, 0, 0, 0, 1, 0
260.999459375000015, 0, 0, 1, 0, 0, 1, 0
261.683069312499981, 0, 0, 1, 0, 0, 0, 0
261.983971562499960, 1, 0, 1, 0, 0, 0, 0
262.142165062499998, 1, 0, 0, 0, 0, 0, 0
262.265648187500005, 1, 1, 0, 0, 0, 0, 0
262.463812437499996, 1, 1, 0, 1, 0, 0, 0
262.984315187499988, 0, 1, 0, 1, 0, 0, 0
263.009299187500005, 0, 1, 0, 1, 0, 0, 1
263.390208312499965, 0, 1, 0, 0, 0, 0, 1
263.487412500000005, 0, 1, 0, 0, 1, 0, 1
263.502599687499981, 0, 0, 0, 0, 1, 0, 1
263.986478562499997, 0, 0, 0, 0, 1, 0, 0
264.655156874999989, 0, 0, 0, 0, 0, 0, 0
264.949016625000013, 0, 0, 0, 0, 0, 1, 0
265.461361687500016, 0, 0, 1, 0, 0, 1, 0
266.075878312499981, 0, 0, 1, 0, 0, 0, 0
266.268355062500007, 0, 1, 1, 0, 0, 0, 0
266.604561499999988, 0, 1, 0, 0, 0, 0, 0
267.504521187499961, 0, 0, 0, 0, 0, 0, 0
267.580484000000013, 0, 0, 0, 1, 0, 0, 0
268.141955062499960, 1, 0, 0, 1, 0, 0, 0
268.373180749999960, 1, 0, 0, 1, 0, 0, 1
268.404938374999972, 1, 0, 0, 1, 1, 0, 1
268.507037999999966, 1, 0, 0, 0, 1, 0, 1
269.141841499999998, 0, 0, 0, 0, 1, 0, 1
269.292068250000000, 0, 0, 0, 0, 1, 0, 0
269.404091437499972, 0, 0, 0, 0, 1, 1, 0
269.632098937499961, 0, 0, 0, 0, 0, 1, 0
269.923361749999970, 0, 0, 1, 0, 0, 1, 0
270.271498749999978, 0, 1, 1, 0, 0, 1, 0
270.530792749999989, 0, 1, 1, 0, 0, 0, 0
271.066436500000009, 0, 1, 0, 0, 0, 0, 0
271.508304500000008, 0, 0, 0, 0, 0, 0, 0
272.697032937500012, 0, 0, 0, 1, 0, 0, 0
273.262780125000006, 0, 0, 0, 1, 1, 0, 0
273.623892249999983, 0, 0, 0, 0, 1, 0, 0
273.736625749999973, 0, 0, 0, 0, 1, 0, 1
273.859295812499965, 0, 0, 0, 0, 1, 1, 1
274.105104874999995, 1, 0, 0, 0, 1, 1, 1
274.461630000000014, 1, 1, 0, 0, 1, 1, 1
274.489512375000004, 1, 1, 0, 0, 0, 1, 1
274.629340187499963, 1, 1, 1, 0, 0, 1, 1
274.713206874999969, 1, 1, 1, 0, 0, 1, 0
274.858530250000001, 1, 1, 1, 0, 0, 0, 0
275.105530124999973, 0, 1, 1, 0, 0, 0, 0
275.697619937500008, 0, 0, 1, 0, 0, 0, 0
275.771955187499998, 0, 0, 0, 0, 0, 0, 0
278.002918499999964, 0, 0, 0, 1, 0, 0, 0
278.060743500000001, 0, 0, 0, 1, 0, 1, 0
278.120197687499967, 0, 0, 0, 1, 1, 1, 0
278.464287000000013, 0, 1, 0, 1, 1, 1, 0
278.929573562499968, 0, 1, 0, 0, 1, 1, 0
279.151887624999972, 0, 1, 1, 0, 1, 1, 0
279.157815125000013, 0, 1, 1, 0, 1, 1, 1
279.187005062499964, 0, 1, 1, 0, 1, 0, 1
279.288256124999975, 0, 1, 1, 0, 0, 0, 1
279.700628124999980, 0, 0, 1, 0, 0, 0, 1
280.003427875000000, 1, 0, 1, 0, 0, 0, 1
280.076182812500008, 1, 0, 1, 0, 0, 0, 0
280.294301249999990, 1, 0, 0, 0, 0, 0, 0
281.003615937500001, 0, 0, 0, 0, 0, 0, 0
282.466890187499985, 0, 1, 0, 0, 0, 0, 0
282.578949812500014, 0, 1, 0, 0, 0, 1, 0
283.037248562499997, 0, 1, 0, 0, 1, 1, 0
283.182783499999971, 0, 1, 0, 1, 1, 1, 0
283.674900999999977, 0, 1, 1, 1, 1, 1, 0
283.702880687499999, 0, 0, 1, 1, 1, 1, 0
283.705747124999959, 0, 0, 1, 1, 1, 0, 0
284.109521125000015, 0, 0, 1, 0, 1, 0, 0
284.204820562500004, 0, 0, 1, 0, 0, 0, 0
284.346480687499991, 0, 0, 1, 0, 0, 0, 1
284.817776374999994, 0, 0, 0, 0, 0, 0, 1
285.323435249999989, 0, 0, 0, 0, 0, 0, 0
286.225652062499989, 1, 0, 0, 0, 0, 0, 0
286.469365562500002, 1, 1, 0, 0, 0, 0, 0
287.098694374999980, 1, 1, 0, 0, 0, 1, 0
287.226050250000014, 0, 1, 0, 0, 0, 1, 0
287.642968375000009, 0, 0, 0, 0, 0, 1, 0
287.717425875000004, 0, 0, 0, 0, 1, 1, 0
288.225631312500013, 0, 0, 0, 0, 1, 0, 0
288.362491124999963, 0, 0, 0, 1, 1, 0, 0
288.442015062499991, 0, 0, 1, 1, 1, 0, 0
288.884940999999969, 0, 0, 1, 1, 0, 0, 0
289.288859500000001, 0, 0, 1, 0, 0, 0, 0
289.584774687499987, 0, 0, 0, 0, 0, 0, 0
290.060873749999985, 0, 0, 0, 0, 0, 0, 1
290.596930499999985, 0, 1, 0, 0, 0, 0, 1
290.979223312499983, 0, 1, 0, 0, 0, 0, 0
291.833427499999971, 0, 0, 0, 0, 0, 0, 0
291.874330499999985, 0, 0, 0, 0, 0, 1, 0
292.188704312499965, 1, 0, 0, 0, 0, 1, 0
292.456957062500010, 1, 0, 0, 0, 1, 1, 0
292.965059499999995, 1, 0, 1, 0, 1, 1, 0
293.001868062499966, 1, 0, 1, 0, 1, 0, 0
293.188985312499995, 0, 0, 1, 0, 1, 0, 0
293.624490562500000, 0, 0, 1, 0, 0, 0, 0
293.795251312500000, 0, 0, 1, 1, 0, 0, 0
294.107763562499997, 0, 0, 0, 1, 0, 0, 0
294.599729062499989, 0, 1, 0, 1, 0, 0, 0
294.722224562500003, 0, 1, 0, 0, 0, 0, 0
295.249533062500007, 0, 1, 0, 0, 0, 0, 1
295.836000812500004, 0, 0, 0, 0, 0, 0, 1
296.168135374999963, 0, 0, 0, 0, 0, 0, 0
296.397000999999989, 0, 0, 0, 0, 0, 1, 0
297.433255937500007, 0, 0, 0, 0, 1, 1, 0
297.488115562500013, 0, 0, 1, 0, 1, 1, 0
297.524710749999997, 0, 0, 1, 0, 1, 0, 0
298.151403062499980, 1, 0, 1, 0, 1, 0, 0
298.600460937499975, 1, 0, 1, 0, 0, 0, 0
298.631096312500006, 1, 0, 0, 0, 0, 0, 0
298.664648687500005, 1, 1, 0, 0, 0, 0, 0
298.975546374999965, 1, 1, 0, 1, 0, 0, 0
299.151277062500014, 0, 1, 0, 1, 0, 0, 0
299.901285187499980, 0, 0, 0, 1, 0, 0, 0
299.902720062500009, 0, 0, 0, 0, 0, 0, 0
